ExerciseName,Link
Relaxed Lengthening  Prone active knee flexion,https://aspirezoneqa.sharepoint.com/sites/Rehabilitation-ExerciseVideos/Shared Documents/Exercise and assessment video library/Exercises/Lower Body/Rectus Femoris/Relaxed Lengthening  Prone active knee flexion.MOV
Cable RDL Drop Catch,https://aspirezoneqa.sharepoint.com/sites/Rehabilitation-ExerciseVideos/Shared Documents/Exercise and assessment video library/Exercises/Lower Body/Hamstrings/Cable RDL Drop Catch.mp4
Curve Treadmill Scooter,https://aspirezoneqa.sharepoint.com/sites/Rehabilitation-ExerciseVideos/Shared Documents/Exercise and assessment video library/Exercises/Lower Body/Hamstrings/Curve Treadmill Scooter.mp4
Cable RDL Fast,https://aspirezoneqa.sharepoint.com/sites/Rehabilitation-ExerciseVideos/Shared Documents/Exercise and assessment video library/Exercises/Lower Body/Hamstrings/Cable RDL Fast.mp4
Half Kneel Hamstring Slide with Chop,https://aspirezoneqa.sharepoint.com/sites/Rehabilitation-ExerciseVideos/Shared Documents/Exercise and assessment video library/Exercises/Lower Body/Hamstrings/Half Kneel Hamstring Slide with Chop.mp4
GHD Drop Catch,https://aspirezoneqa.sharepoint.com/sites/Rehabilitation-ExerciseVideos/Shared Documents/Exercise and assessment video library/Exercises/Lower Body/Hamstrings/GHD Drop Catch.mp4
Half Kneel Hamstring Slided Plate Overhead,https://aspirezoneqa.sharepoint.com/sites/Rehabilitation-ExerciseVideos/Shared Documents/Exercise and assessment video library/Exercises/Lower Body/Hamstrings/Half Kneel Hamstring Slided Plate Overhead.mp4
Half Kneel Hamstring Slider,https://aspirezoneqa.sharepoint.com/sites/Rehabilitation-ExerciseVideos/Shared Documents/Exercise and assessment video library/Exercises/Lower Body/Hamstrings/Half Kneel Hamstring Slider.mp4
Hamstring Bridge line hop,https://aspirezoneqa.sharepoint.com/sites/Rehabilitation-ExerciseVideos/Shared Documents/Exercise and assessment video library/Exercises/Lower Body/Hamstrings/Hamstring Bridge line hop.mp4
Hamstring Bridge Hop Over Obstacle,https://aspirezoneqa.sharepoint.com/sites/Rehabilitation-ExerciseVideos/Shared Documents/Exercise and assessment video library/Exercises/Lower Body/Hamstrings/Hamstring Bridge Hop Over Obstacle.mp4
Hamstring Bridge line-hop,https://aspirezoneqa.sharepoint.com/sites/Rehabilitation-ExerciseVideos/Shared Documents/Exercise and assessment video library/Exercises/Lower Body/Hamstrings/Hamstring Bridge line-hop.mp4
Half Kneel Slider Banded,https://aspirezoneqa.sharepoint.com/sites/Rehabilitation-ExerciseVideos/Shared Documents/Exercise and assessment video library/Exercises/Lower Body/Hamstrings/Half Kneel Slider Banded.mp4
Hamstring Bridge Switch,https://aspirezoneqa.sharepoint.com/sites/Rehabilitation-ExerciseVideos/Shared Documents/Exercise and assessment video library/Exercises/Lower Body/Hamstrings/Hamstring Bridge Switch.mp4
RDL Clean to Box,https://aspirezoneqa.sharepoint.com/sites/Rehabilitation-ExerciseVideos/Shared Documents/Exercise and assessment video library/Exercises/Lower Body/Hamstrings/RDL Clean to Box.mp4
Prone Flywheel HS Curl,https://aspirezoneqa.sharepoint.com/sites/Rehabilitation-ExerciseVideos/Shared Documents/Exercise and assessment video library/Exercises/Lower Body/Hamstrings/Prone Flywheel HS Curl.mp4
RDL Hang clean to overhead,https://aspirezoneqa.sharepoint.com/sites/Rehabilitation-ExerciseVideos/Shared Documents/Exercise and assessment video library/Exercises/Lower Body/Hamstrings/RDL Hang clean to overhead.mp4
Prone HS Curl Explosive,https://aspirezoneqa.sharepoint.com/sites/Rehabilitation-ExerciseVideos/Shared Documents/Exercise and assessment video library/Exercises/Lower Body/Hamstrings/Prone HS Curl Explosive.mp4
Seated Hamstring Curl Flywheel,https://aspirezoneqa.sharepoint.com/sites/Rehabilitation-ExerciseVideos/Shared Documents/Exercise and assessment video library/Exercises/Lower Body/Hamstrings/Seated Hamstring Curl Flywheel.mp4
SL Hamstring Bridge CMJ,https://aspirezoneqa.sharepoint.com/sites/Rehabilitation-ExerciseVideos/Shared Documents/Exercise and assessment video library/Exercises/Lower Body/Hamstrings/SL Hamstring Bridge CMJ.mp4
SL Hamstring Bridge Elevated,https://aspirezoneqa.sharepoint.com/sites/Rehabilitation-ExerciseVideos/Shared Documents/Exercise and assessment video library/Exercises/Lower Body/Hamstrings/SL Hamstring Bridge Elevated.mp4
Sled Push Heavy,https://aspirezoneqa.sharepoint.com/sites/Rehabilitation-ExerciseVideos/Shared Documents/Exercise and assessment video library/Exercises/Lower Body/Hamstrings/Sled Push Heavy.mp4
Sled Push Light,https://aspirezoneqa.sharepoint.com/sites/Rehabilitation-ExerciseVideos/Shared Documents/Exercise and assessment video library/Exercises/Lower Body/Hamstrings/Sled Push Light.mp4
Barbell RDL,https://aspirezoneqa.sharepoint.com/sites/Rehabilitation-ExerciseVideos/Shared Documents/Exercise and assessment video library/Exercises/Lower Body/Hamstrings/Barbell RDL.mp4
Standing Outer Range Heel Dig 90 30 ForceFrame,https://aspirezoneqa.sharepoint.com/sites/Rehabilitation-ExerciseVideos/Shared Documents/Exercise and assessment video library/Exercises/Lower Body/Hamstrings/Standing Outer Range Heel Dig 90 30 ForceFrame.mp4
Bulgarian Split Squat,https://aspirezoneqa.sharepoint.com/sites/Rehabilitation-ExerciseVideos/Shared Documents/Exercise and assessment video library/Exercises/Lower Body/Hamstrings/Bulgarian Split Squat.mp4
GHD Double Leg,https://aspirezoneqa.sharepoint.com/sites/Rehabilitation-ExerciseVideos/Shared Documents/Exercise and assessment video library/Exercises/Lower Body/Hamstrings/GHD Double Leg.mp4
Hamstring Bridge Slider Eccentric Single Leg,https://aspirezoneqa.sharepoint.com/sites/Rehabilitation-ExerciseVideos/Shared Documents/Exercise and assessment video library/Exercises/Lower Body/Hamstrings/Hamstring Bridge Slider Eccentric Single Leg.mp4
GHD Single Leg,https://aspirezoneqa.sharepoint.com/sites/Rehabilitation-ExerciseVideos/Shared Documents/Exercise and assessment video library/Exercises/Lower Body/Hamstrings/GHD Single Leg.mp4
Hip Thrust Double Leg,https://aspirezoneqa.sharepoint.com/sites/Rehabilitation-ExerciseVideos/Shared Documents/Exercise and assessment video library/Exercises/Lower Body/Hamstrings/Hip Thrust Double Leg.mp4
Hip Thrust Single Leg,https://aspirezoneqa.sharepoint.com/sites/Rehabilitation-ExerciseVideos/Shared Documents/Exercise and assessment video library/Exercises/Lower Body/Hamstrings/Hip Thrust Single Leg.mp4
Leg Press Single Leg Deep Leg High,https://aspirezoneqa.sharepoint.com/sites/Rehabilitation-ExerciseVideos/Shared Documents/Exercise and assessment video library/Exercises/Lower Body/Hamstrings/Leg Press Single Leg Deep Leg High.mp4
Long Lever Hamstring Bridge Iso ForceFrame,https://aspirezoneqa.sharepoint.com/sites/Rehabilitation-ExerciseVideos/Shared Documents/Exercise and assessment video library/Exercises/Lower Body/Hamstrings/Long Lever Hamstring Bridge Iso ForceFrame.mp4
Long Lever Hamstring Bridge Iso,https://aspirezoneqa.sharepoint.com/sites/Rehabilitation-ExerciseVideos/Shared Documents/Exercise and assessment video library/Exercises/Lower Body/Hamstrings/Long Lever Hamstring Bridge Iso.mp4
Long Lever Hamstring Bridge Single Leg Weighted,https://aspirezoneqa.sharepoint.com/sites/Rehabilitation-ExerciseVideos/Shared Documents/Exercise and assessment video library/Exercises/Lower Body/Hamstrings/Long Lever Hamstring Bridge Single Leg Weighted.mp4
Nordic,https://aspirezoneqa.sharepoint.com/sites/Rehabilitation-ExerciseVideos/Shared Documents/Exercise and assessment video library/Exercises/Lower Body/Hamstrings/Nordic.mp4
Long Lever Hamstring Bridge Single Leg,https://aspirezoneqa.sharepoint.com/sites/Rehabilitation-ExerciseVideos/Shared Documents/Exercise and assessment video library/Exercises/Lower Body/Hamstrings/Long Lever Hamstring Bridge Single Leg.mp4
Prone Hamstring Curl 2up1down Eccentric,https://aspirezoneqa.sharepoint.com/sites/Rehabilitation-ExerciseVideos/Shared Documents/Exercise and assessment video library/Exercises/Lower Body/Hamstrings/Prone Hamstring Curl 2up1down Eccentric.mp4
Prone Hamstring Curl Eccentric Manual Overalod,https://aspirezoneqa.sharepoint.com/sites/Rehabilitation-ExerciseVideos/Shared Documents/Exercise and assessment video library/Exercises/Lower Body/Hamstrings/Prone Hamstring Curl Eccentric Manual Overalod.mp4
Prone Hamstring Iso 30 deg force frame,https://aspirezoneqa.sharepoint.com/sites/Rehabilitation-ExerciseVideos/Shared Documents/Exercise and assessment video library/Exercises/Lower Body/Hamstrings/Prone Hamstring Iso 30 deg force frame.mp4
Prone Hamstring Curl Single Leg,https://aspirezoneqa.sharepoint.com/sites/Rehabilitation-ExerciseVideos/Shared Documents/Exercise and assessment video library/Exercises/Lower Body/Hamstrings/Prone Hamstring Curl Single Leg.mp4
RDL 2up1down Eccentric,https://aspirezoneqa.sharepoint.com/sites/Rehabilitation-ExerciseVideos/Shared Documents/Exercise and assessment video library/Exercises/Lower Body/Hamstrings/RDL 2up1down Eccentric.mp4
Prone Hamstring Iso 60deg ForceFrame,https://aspirezoneqa.sharepoint.com/sites/Rehabilitation-ExerciseVideos/Shared Documents/Exercise and assessment video library/Exercises/Lower Body/Hamstrings/Prone Hamstring Iso 60deg ForceFrame.mp4
Seated Hamstring Curl 2up1down Eccentric,https://aspirezoneqa.sharepoint.com/sites/Rehabilitation-ExerciseVideos/Shared Documents/Exercise and assessment video library/Exercises/Lower Body/Hamstrings/Seated Hamstring Curl 2up1down Eccentric.mp4
Prone Hamstring Manual Iso 30deg,https://aspirezoneqa.sharepoint.com/sites/Rehabilitation-ExerciseVideos/Shared Documents/Exercise and assessment video library/Exercises/Lower Body/Hamstrings/Prone Hamstring Manual Iso 30deg.mp4
Seated Hamstring Curl Eccentric Manual Overload,https://aspirezoneqa.sharepoint.com/sites/Rehabilitation-ExerciseVideos/Shared Documents/Exercise and assessment video library/Exercises/Lower Body/Hamstrings/Seated Hamstring Curl Eccentric Manual Overload.mp4
Seated Hamstring Curl Single Leg Left,https://aspirezoneqa.sharepoint.com/sites/Rehabilitation-ExerciseVideos/Shared Documents/Exercise and assessment video library/Exercises/Lower Body/Hamstrings/Seated Hamstring Curl Single Leg Left.mp4
Seated Hamstring Curl Single Leg,https://aspirezoneqa.sharepoint.com/sites/Rehabilitation-ExerciseVideos/Shared Documents/Exercise and assessment video library/Exercises/Lower Body/Hamstrings/Seated Hamstring Curl Single Leg.mp4
Seatred Hamstring Curl Iso,https://aspirezoneqa.sharepoint.com/sites/Rehabilitation-ExerciseVideos/Shared Documents/Exercise and assessment video library/Exercises/Lower Body/Hamstrings/Seatred Hamstring Curl Iso.mp4
Split Stance RDL,https://aspirezoneqa.sharepoint.com/sites/Rehabilitation-ExerciseVideos/Shared Documents/Exercise and assessment video library/Exercises/Lower Body/Hamstrings/Split Stance RDL.mp4
Standing iso Heel Dig Outer Range 90 30 ForceFrame,https://aspirezoneqa.sharepoint.com/sites/Rehabilitation-ExerciseVideos/Shared Documents/Exercise and assessment video library/Exercises/Lower Body/Hamstrings/Standing iso Heel Dig Outer Range 90 30 ForceFrame.mp4
Single Leg RDL,https://aspirezoneqa.sharepoint.com/sites/Rehabilitation-ExerciseVideos/Shared Documents/Exercise and assessment video library/Exercises/Lower Body/Hamstrings/Single Leg RDL.mp4
1.2 Wall Triple Extension Isometrics,https://aspirezoneqa.sharepoint.com/sites/Rehabilitation-ExerciseVideos/Shared Documents/Exercise and assessment video library/Exercises/Lower Body/Calf/1.2 Wall Triple Extension Isometrics.mp4
6.2 Switches Triples,https://aspirezoneqa.sharepoint.com/sites/Rehabilitation-ExerciseVideos/Shared Documents/Exercise and assessment video library/Exercises/Lower Body/Calf/6.0 Sport Specific Capacity & Clearance Targets/6.2 Switches Triples.mp4
6.3 Single Leg Hop for Distance,https://aspirezoneqa.sharepoint.com/sites/Rehabilitation-ExerciseVideos/Shared Documents/Exercise and assessment video library/Exercises/Lower Body/Calf/6.0 Sport Specific Capacity & Clearance Targets/6.3 Single Leg Hop for Distance.mp4
6.6 Drop Jump Single Leg Vertical SSC Reactive Strength,https://aspirezoneqa.sharepoint.com/sites/Rehabilitation-ExerciseVideos/Shared Documents/Exercise and assessment video library/Exercises/Lower Body/Calf/6.0 Sport Specific Capacity & Clearance Targets/6.6 Drop Jump Single Leg Vertical SSC Reactive Strength.mp4
1.1 Heel Toe Walk,https://aspirezoneqa.sharepoint.com/sites/Rehabilitation-ExerciseVideos/Shared Documents/Exercise and assessment video library/Exercises/Lower Body/Calf/1.0 Introduce Specific Loads/1.1 Heel Toe Walk.mp4
6.7 Triple Hop for Distance,https://aspirezoneqa.sharepoint.com/sites/Rehabilitation-ExerciseVideos/Shared Documents/Exercise and assessment video library/Exercises/Lower Body/Calf/6.0 Sport Specific Capacity & Clearance Targets/6.7 Triple Hop for Distance.mp4
1.2 Toe Walking,https://aspirezoneqa.sharepoint.com/sites/Rehabilitation-ExerciseVideos/Shared Documents/Exercise and assessment video library/Exercises/Lower Body/Calf/1.0 Introduce Specific Loads/1.2 Toe Walking.mp4
1.4 Wall Triple Extension Isometrics,https://aspirezoneqa.sharepoint.com/sites/Rehabilitation-ExerciseVideos/Shared Documents/Exercise and assessment video library/Exercises/Lower Body/Calf/1.0 Introduce Specific Loads/1.4 Wall Triple Extension Isometrics.mp4
1.6 Soleus Wall Squat Isometric,https://aspirezoneqa.sharepoint.com/sites/Rehabilitation-ExerciseVideos/Shared Documents/Exercise and assessment video library/Exercises/Lower Body/Calf/1.0 Introduce Specific Loads/1.6 Soleus Wall Squat Isometric.mp4
1.3 Wall Triple Extension Hip Mobility,https://aspirezoneqa.sharepoint.com/sites/Rehabilitation-ExerciseVideos/Shared Documents/Exercise and assessment video library/Exercises/Lower Body/Calf/1.0 Introduce Specific Loads/1.3 Wall Triple Extension Hip Mobility.mp4
1.7 Soleus Isometric Bulgarian Split Squat,https://aspirezoneqa.sharepoint.com/sites/Rehabilitation-ExerciseVideos/Shared Documents/Exercise and assessment video library/Exercises/Lower Body/Calf/1.0 Introduce Specific Loads/1.7 Soleus Isometric Bulgarian Split Squat.mp4
1.8 Bodyweight Calf Raise,https://aspirezoneqa.sharepoint.com/sites/Rehabilitation-ExerciseVideos/Shared Documents/Exercise and assessment video library/Exercises/Lower Body/Calf/1.0 Introduce Specific Loads/1.8 Bodyweight Calf Raise.mp4
3.1 Plant Walks,https://aspirezoneqa.sharepoint.com/sites/Rehabilitation-ExerciseVideos/Shared Documents/Exercise and assessment video library/Exercises/Lower Body/Calf/3.0 Functional - Reactives - Prep to Run/3.1 Plant Walks.mp4
3.10 Farmers Walks,https://aspirezoneqa.sharepoint.com/sites/Rehabilitation-ExerciseVideos/Shared Documents/Exercise and assessment video library/Exercises/Lower Body/Calf/3.0 Functional - Reactives - Prep to Run/3.10 Farmers Walks.mp4
3.11 Soleus Raise (Single Leg),https://aspirezoneqa.sharepoint.com/sites/Rehabilitation-ExerciseVideos/Shared Documents/Exercise and assessment video library/Exercises/Lower Body/Calf/3.0 Functional - Reactives - Prep to Run/3.11 Soleus Raise (Single Leg).mp4
3.12 Calf Raise Eccentric (2 up 1 down),https://aspirezoneqa.sharepoint.com/sites/Rehabilitation-ExerciseVideos/Shared Documents/Exercise and assessment video library/Exercises/Lower Body/Calf/3.0 Functional - Reactives - Prep to Run/3.12 Calf Raise Eccentric (2 up 1 down).mp4
3.15 Single Leg Pulses,https://aspirezoneqa.sharepoint.com/sites/Rehabilitation-ExerciseVideos/Shared Documents/Exercise and assessment video library/Exercises/Lower Body/Calf/3.0 Functional - Reactives - Prep to Run/3.15 Single Leg Pulses.mp4
3.13 Straight Leg Smith Machine Calf Raise Single Leg,https://aspirezoneqa.sharepoint.com/sites/Rehabilitation-ExerciseVideos/Shared Documents/Exercise and assessment video library/Exercises/Lower Body/Calf/3.0 Functional - Reactives - Prep to Run/3.13 Straight Leg Smith Machine Calf Raise Single Leg.mp4
3.14 Straight Leg Calf Raise (off step),https://aspirezoneqa.sharepoint.com/sites/Rehabilitation-ExerciseVideos/Shared Documents/Exercise and assessment video library/Exercises/Lower Body/Calf/3.0 Functional - Reactives - Prep to Run/3.14 Straight Leg Calf Raise (off step) .mp4
3.2 Ankle Dribbling,https://aspirezoneqa.sharepoint.com/sites/Rehabilitation-ExerciseVideos/Shared Documents/Exercise and assessment video library/Exercises/Lower Body/Calf/3.0 Functional - Reactives - Prep to Run/3.2 Ankle Dribbling.mp4
3.3 Pogos Double Leg,https://aspirezoneqa.sharepoint.com/sites/Rehabilitation-ExerciseVideos/Shared Documents/Exercise and assessment video library/Exercises/Lower Body/Calf/3.0 Functional - Reactives - Prep to Run/3.3 Pogos Double Leg.mp4
3.4 Switches Single Leg,https://aspirezoneqa.sharepoint.com/sites/Rehabilitation-ExerciseVideos/Shared Documents/Exercise and assessment video library/Exercises/Lower Body/Calf/3.0 Functional - Reactives - Prep to Run/3.4 Switches Single Leg.mp4
3.6 Low Step Reactives,https://aspirezoneqa.sharepoint.com/sites/Rehabilitation-ExerciseVideos/Shared Documents/Exercise and assessment video library/Exercises/Lower Body/Calf/3.0 Functional - Reactives - Prep to Run/3.6 Low Step Reactives.mp4
3.7 Low Step Skaters,https://aspirezoneqa.sharepoint.com/sites/Rehabilitation-ExerciseVideos/Shared Documents/Exercise and assessment video library/Exercises/Lower Body/Calf/3.0 Functional - Reactives - Prep to Run/3.7 Low Step Skaters.mp4
3.5 Wall Triple Extension Switches,https://aspirezoneqa.sharepoint.com/sites/Rehabilitation-ExerciseVideos/Shared Documents/Exercise and assessment video library/Exercises/Lower Body/Calf/3.0 Functional - Reactives - Prep to Run/3.5 Wall Triple Extension Switches.mp4
3.16 Altitude Landings,https://aspirezoneqa.sharepoint.com/sites/Rehabilitation-ExerciseVideos/Shared Documents/Exercise and assessment video library/Exercises/Lower Body/Calf/3.0 Functional - Reactives - Prep to Run/3.16 Altitude Landings.mp4
4.1 A Skip,https://aspirezoneqa.sharepoint.com/sites/Rehabilitation-ExerciseVideos/Shared Documents/Exercise and assessment video library/Exercises/Lower Body/Calf/4.0 Rate of Force Development - Return to Run/4.1 A Skip.mp4
3.8 Stair Running,https://aspirezoneqa.sharepoint.com/sites/Rehabilitation-ExerciseVideos/Shared Documents/Exercise and assessment video library/Exercises/Lower Body/Calf/3.0 Functional - Reactives - Prep to Run/3.8 Stair Running.mp4
4.10 DL CMJ,https://aspirezoneqa.sharepoint.com/sites/Rehabilitation-ExerciseVideos/Shared Documents/Exercise and assessment video library/Exercises/Lower Body/Calf/4.0 Rate of Force Development - Return to Run/4.10 DL CMJ.mp4
4.11 Countermovement Jump (DoubleSingle Leg),https://aspirezoneqa.sharepoint.com/sites/Rehabilitation-ExerciseVideos/Shared Documents/Exercise and assessment video library/Exercises/Lower Body/Calf/4.0 Rate of Force Development - Return to Run/4.11 Countermovement Jump (DoubleSingle Leg) .mp4
4.11 Box Jump 60cm,https://aspirezoneqa.sharepoint.com/sites/Rehabilitation-ExerciseVideos/Shared Documents/Exercise and assessment video library/Exercises/Lower Body/Calf/4.0 Rate of Force Development - Return to Run/4.11 Box Jump 60cm.mp4
4.10 Prowler Sled Resistance (Sled Run) - Horizontal,https://aspirezoneqa.sharepoint.com/sites/Rehabilitation-ExerciseVideos/Shared Documents/Exercise and assessment video library/Exercises/Lower Body/Calf/4.0 Rate of Force Development - Return to Run/4.10 Prowler Sled Resistance (Sled Run) - Horizontal.mp4
4.14 Low Step Jump - Lateral,https://aspirezoneqa.sharepoint.com/sites/Rehabilitation-ExerciseVideos/Shared Documents/Exercise and assessment video library/Exercises/Lower Body/Calf/4.0 Rate of Force Development - Return to Run/4.14 Low Step Jump - Lateral .mp4
4.15 Low Step Jump - Forwards,https://aspirezoneqa.sharepoint.com/sites/Rehabilitation-ExerciseVideos/Shared Documents/Exercise and assessment video library/Exercises/Lower Body/Calf/4.0 Rate of Force Development - Return to Run/4.15 Low Step Jump - Forwards.mp4
4.12 Frog Horizontal Jump,https://aspirezoneqa.sharepoint.com/sites/Rehabilitation-ExerciseVideos/Shared Documents/Exercise and assessment video library/Exercises/Lower Body/Calf/4.0 Rate of Force Development - Return to Run/4.12 Frog Horizontal Jump.mp4
4.2 Straight Leg Skip,https://aspirezoneqa.sharepoint.com/sites/Rehabilitation-ExerciseVideos/Shared Documents/Exercise and assessment video library/Exercises/Lower Body/Calf/4.0 Rate of Force Development - Return to Run/4.2 Straight Leg Skip.mp4
4.4 Switches Double,https://aspirezoneqa.sharepoint.com/sites/Rehabilitation-ExerciseVideos/Shared Documents/Exercise and assessment video library/Exercises/Lower Body/Calf/4.0 Rate of Force Development - Return to Run/4.4 Switches Double.mp4
4.3 Pogos Single Leg,https://aspirezoneqa.sharepoint.com/sites/Rehabilitation-ExerciseVideos/Shared Documents/Exercise and assessment video library/Exercises/Lower Body/Calf/4.0 Rate of Force Development - Return to Run/4.3 Pogos Single Leg.mp4
4.5 Wall Triple Extension Switches Double,https://aspirezoneqa.sharepoint.com/sites/Rehabilitation-ExerciseVideos/Shared Documents/Exercise and assessment video library/Exercises/Lower Body/Calf/4.0 Rate of Force Development - Return to Run/4.5 Wall Triple Extension Switches Double.mp4
4.6 Smith Machine Iso Switches,https://aspirezoneqa.sharepoint.com/sites/Rehabilitation-ExerciseVideos/Shared Documents/Exercise and assessment video library/Exercises/Lower Body/Calf/4.0 Rate of Force Development - Return to Run/4.6 Smith Machine Iso Switches.mp4
4.8  Split Pogos,https://aspirezoneqa.sharepoint.com/sites/Rehabilitation-ExerciseVideos/Shared Documents/Exercise and assessment video library/Exercises/Lower Body/Calf/4.0 Rate of Force Development - Return to Run/4.8  Split Pogos.mp4
4.7 Skipping,https://aspirezoneqa.sharepoint.com/sites/Rehabilitation-ExerciseVideos/Shared Documents/Exercise and assessment video library/Exercises/Lower Body/Calf/4.0 Rate of Force Development - Return to Run/4.7 Skipping.mp4
4.9 A Skip to Acceleration,https://aspirezoneqa.sharepoint.com/sites/Rehabilitation-ExerciseVideos/Shared Documents/Exercise and assessment video library/Exercises/Lower Body/Calf/4.0 Rate of Force Development - Return to Run/4.9 A Skip to Acceleration.mp4
2.1 Toe Walking + Load,https://aspirezoneqa.sharepoint.com/sites/Rehabilitation-ExerciseVideos/Shared Documents/Exercise and assessment video library/Exercises/Lower Body/Calf/2.0 Progress Tissue Tolerance/2.1 Toe Walking + Load.mp4
2.2 Wall Triple Extension Alternates,https://aspirezoneqa.sharepoint.com/sites/Rehabilitation-ExerciseVideos/Shared Documents/Exercise and assessment video library/Exercises/Lower Body/Calf/2.0 Progress Tissue Tolerance/2.2 Wall Triple Extension Alternates.mp4
2.10 Tall to Short,https://aspirezoneqa.sharepoint.com/sites/Rehabilitation-ExerciseVideos/Shared Documents/Exercise and assessment video library/Exercises/Lower Body/Calf/2.0 Progress Tissue Tolerance/2.10 Tall to Short.mp4
2.11 Low Step Strike,https://aspirezoneqa.sharepoint.com/sites/Rehabilitation-ExerciseVideos/Shared Documents/Exercise and assessment video library/Exercises/Lower Body/Calf/2.0 Progress Tissue Tolerance/2.11 Low Step Strike.mp4
2.4 RDL to Step (Dynamic Calf Raise),https://aspirezoneqa.sharepoint.com/sites/Rehabilitation-ExerciseVideos/Shared Documents/Exercise and assessment video library/Exercises/Lower Body/Calf/2.0 Progress Tissue Tolerance/2.4 RDL to Step (Dynamic Calf Raise).mp4
2.6 Soleus Dynamic Bulgarian Split Squat,https://aspirezoneqa.sharepoint.com/sites/Rehabilitation-ExerciseVideos/Shared Documents/Exercise and assessment video library/Exercises/Lower Body/Calf/2.0 Progress Tissue Tolerance/2.6 Soleus Dynamic Bulgarian Split Squat.mp4
2.5 Soleus Raises Wall Squat,https://aspirezoneqa.sharepoint.com/sites/Rehabilitation-ExerciseVideos/Shared Documents/Exercise and assessment video library/Exercises/Lower Body/Calf/2.0 Progress Tissue Tolerance/2.5 Soleus Raises Wall Squat.mp4
2.9 Double Leg Pulses,https://aspirezoneqa.sharepoint.com/sites/Rehabilitation-ExerciseVideos/Shared Documents/Exercise and assessment video library/Exercises/Lower Body/Calf/2.0 Progress Tissue Tolerance/2.9 Double Leg Pulses.mp4
2.7 Soleus Raise Machine (Double Leg),https://aspirezoneqa.sharepoint.com/sites/Rehabilitation-ExerciseVideos/Shared Documents/Exercise and assessment video library/Exercises/Lower Body/Calf/2.0 Progress Tissue Tolerance/2.7 Soleus Raise Machine (Double Leg).mp4
2.8 Straight Leg Smith Machine Calf Raise (Double Leg),https://aspirezoneqa.sharepoint.com/sites/Rehabilitation-ExerciseVideos/Shared Documents/Exercise and assessment video library/Exercises/Lower Body/Calf/2.0 Progress Tissue Tolerance/2.8 Straight Leg Smith Machine Calf Raise (Double Leg).mp4
5.1 Smith Machine Dynamic Switches,https://aspirezoneqa.sharepoint.com/sites/Rehabilitation-ExerciseVideos/Shared Documents/Exercise and assessment video library/Exercises/Lower Body/Calf/5.0 Absorb to Propel/5.1 Smith Machine Dynamic Switches.mp4
5.3 Bulgarian Split Squat Jumps,https://aspirezoneqa.sharepoint.com/sites/Rehabilitation-ExerciseVideos/Shared Documents/Exercise and assessment video library/Exercises/Lower Body/Calf/5.0 Absorb to Propel/5.3 Bulgarian Split Squat Jumps.mp4
5.2 Skipping Single Leg,https://aspirezoneqa.sharepoint.com/sites/Rehabilitation-ExerciseVideos/Shared Documents/Exercise and assessment video library/Exercises/Lower Body/Calf/5.0 Absorb to Propel/5.2 Skipping Single Leg.mp4
"5.7 Horizontal PogosForward Hopping (low hurdles, cones)","https://aspirezoneqa.sharepoint.com/sites/Rehabilitation-ExerciseVideos/Shared Documents/Exercise and assessment video library/Exercises/Lower Body/Calf/5.0 Absorb to Propel/5.7 Horizontal PogosForward Hopping (low hurdles, cones).mp4"
5.8 Cone Hopping Forward Backwards,https://aspirezoneqa.sharepoint.com/sites/Rehabilitation-ExerciseVideos/Shared Documents/Exercise and assessment video library/Exercises/Lower Body/Calf/5.0 Absorb to Propel/5.8 Cone Hopping Forward Backwards.mp4
5.6 Drop Jump Double Leg (Vertical SSC Reactive Strength),https://aspirezoneqa.sharepoint.com/sites/Rehabilitation-ExerciseVideos/Shared Documents/Exercise and assessment video library/Exercises/Lower Body/Calf/5.0 Absorb to Propel/5.6 Drop Jump Double Leg (Vertical SSC Reactive Strength).mp4
5.10 Prowler Sled Resistance (Sled Run) - Off-Axis Lateral,https://aspirezoneqa.sharepoint.com/sites/Rehabilitation-ExerciseVideos/Shared Documents/Exercise and assessment video library/Exercises/Lower Body/Calf/5.0 Absorb to Propel/5.10 Prowler Sled Resistance (Sled Run) - Off-Axis Lateral.mp4
5.9 Cone Hopping Lateral,https://aspirezoneqa.sharepoint.com/sites/Rehabilitation-ExerciseVideos/Shared Documents/Exercise and assessment video library/Exercises/Lower Body/Calf/5.0 Absorb to Propel/5.9 Cone Hopping Lateral.mp4
"5.7 Continous Jumps (low hurdles, cones)","https://aspirezoneqa.sharepoint.com/sites/Rehabilitation-ExerciseVideos/Shared Documents/Exercise and assessment video library/Exercises/Lower Body/Calf/6. Rehab Videos/1. Calf Rehabiliation Protocol Videos/5.0 Absorb to Propel/5.7 Continous Jumps (low hurdles, cones).mp4"
5.6 Drop Jump,https://aspirezoneqa.sharepoint.com/sites/Rehabilitation-ExerciseVideos/Shared Documents/Exercise and assessment video library/Exercises/Lower Body/Calf/6. Rehab Videos/1. Calf Rehabiliation Protocol Videos/5.0 Absorb to Propel/5.6 Drop Jump.mp4
"2.1 Toe Walking, Heel Toe Walk + Load","https://aspirezoneqa.sharepoint.com/sites/Rehabilitation-ExerciseVideos/Shared Documents/Exercise and assessment video library/Exercises/Lower Body/Calf/6. Rehab Videos/1. Calf Rehabiliation Protocol Videos/2.0 Progress Tissue Tolerance/2.1 Toe Walking, Heel Toe Walk + Load.mp4"
2.10 Low Step Strike,https://aspirezoneqa.sharepoint.com/sites/Rehabilitation-ExerciseVideos/Shared Documents/Exercise and assessment video library/Exercises/Lower Body/Calf/6. Rehab Videos/1. Calf Rehabiliation Protocol Videos/2.0 Progress Tissue Tolerance/2.10 Low Step Strike.mp4
2.9 Tall to Short,https://aspirezoneqa.sharepoint.com/sites/Rehabilitation-ExerciseVideos/Shared Documents/Exercise and assessment video library/Exercises/Lower Body/Calf/6. Rehab Videos/1. Calf Rehabiliation Protocol Videos/2.0 Progress Tissue Tolerance/2.9 Tall to Short.mp4
3.10 Switches Single,https://aspirezoneqa.sharepoint.com/sites/Rehabilitation-ExerciseVideos/Shared Documents/Exercise and assessment video library/Exercises/Lower Body/Calf/6. Rehab Videos/1. Calf Rehabiliation Protocol Videos/3.0 Functional - Reactives - Prep to Run/3.10 Switches Single.mp4
3.10. Switches Single,https://aspirezoneqa.sharepoint.com/sites/Rehabilitation-ExerciseVideos/Shared Documents/Exercise and assessment video library/Exercises/Lower Body/Calf/6. Rehab Videos/1. Calf Rehabiliation Protocol Videos/3.0 Functional - Reactives - Prep to Run/3.10. Switches Single.mp4
3.3 Pogos,https://aspirezoneqa.sharepoint.com/sites/Rehabilitation-ExerciseVideos/Shared Documents/Exercise and assessment video library/Exercises/Lower Body/Calf/6. Rehab Videos/1. Calf Rehabiliation Protocol Videos/3.0 Functional - Reactives - Prep to Run/3.3 Pogos.mp4
3.4 Low Step Reactives,https://aspirezoneqa.sharepoint.com/sites/Rehabilitation-ExerciseVideos/Shared Documents/Exercise and assessment video library/Exercises/Lower Body/Calf/6. Rehab Videos/1. Calf Rehabiliation Protocol Videos/3.0 Functional - Reactives - Prep to Run/3.4 Low Step Reactives.mp4
3.5 Low Step Skaters,https://aspirezoneqa.sharepoint.com/sites/Rehabilitation-ExerciseVideos/Shared Documents/Exercise and assessment video library/Exercises/Lower Body/Calf/6. Rehab Videos/1. Calf Rehabiliation Protocol Videos/3.0 Functional - Reactives - Prep to Run/3.5 Low Step Skaters.mp4
3.6 Soleus Raise SL,https://aspirezoneqa.sharepoint.com/sites/Rehabilitation-ExerciseVideos/Shared Documents/Exercise and assessment video library/Exercises/Lower Body/Calf/6. Rehab Videos/1. Calf Rehabiliation Protocol Videos/3.0 Functional - Reactives - Prep to Run/3.6 Soleus Raise SL.mp4
3.9 Altitude Landings,https://aspirezoneqa.sharepoint.com/sites/Rehabilitation-ExerciseVideos/Shared Documents/Exercise and assessment video library/Exercises/Lower Body/Calf/6. Rehab Videos/1. Calf Rehabiliation Protocol Videos/3.0 Functional - Reactives - Prep to Run/3.9 Altitude Landings.mp4
Crossing injury - Ahmad Read Elmulla Al Khor 4C indirect 2C direct,https://aspirezoneqa.sharepoint.com/sites/Rehabilitation-ExerciseVideos/Shared Documents/Exercise and assessment video library/Exercises/Lower Body/Rectus Femoris/Rec Fem Videos/Injuries/Crossing injury - Ahmad Read Elmulla Al Khor 4C indirect 2C direct.MP4
DeMarcus Cousins Quad Injury - Game 2 _ Clippers vs Warriors _ 2019 NBA Playoffs (1),https://aspirezoneqa.sharepoint.com/sites/Rehabilitation-ExerciseVideos/Shared Documents/Exercise and assessment video library/Exercises/Lower Body/Rectus Femoris/Rec Fem Videos/Injuries/DeMarcus Cousins Quad Injury - Game 2 _ Clippers vs Warriors _ 2019 NBA Playoffs (1).mp4
Golo P. Dybala_ Roma (2)-1 Lecce - Serie A_ SPORT TV,https://aspirezoneqa.sharepoint.com/sites/Rehabilitation-ExerciseVideos/Shared Documents/Exercise and assessment video library/Exercises/Lower Body/Rectus Femoris/Rec Fem Videos/Injuries/Golo P. Dybala_ Roma (2)-1 Lecce - Serie A_ SPORT TV.mp4
Moment Paul Pogba picks up a thigh injury while kicking a ball in training with France squad,https://aspirezoneqa.sharepoint.com/sites/Rehabilitation-ExerciseVideos/Shared Documents/Exercise and assessment video library/Exercises/Lower Body/Rectus Femoris/Rec Fem Videos/Injuries/Moment Paul Pogba picks up a thigh injury while kicking a ball in training with France squad.mp4
jsm_2023_02_12_lempainen_1_sdc2,https://aspirezoneqa.sharepoint.com/sites/Rehabilitation-ExerciseVideos/Shared Documents/Exercise and assessment video library/Exercises/Lower Body/Rectus Femoris/Rec Fem Videos/Injuries/jsm_2023_02_12_lempainen_1_sdc2.mp4
NRL Rec Fem Kicking injury,https://aspirezoneqa.sharepoint.com/sites/Rehabilitation-ExerciseVideos/Shared Documents/Exercise and assessment video library/Exercises/Lower Body/Rectus Femoris/Rec Fem Videos/Injuries/NRL Rec Fem Kicking injury.mov
Pedri injury poor quality,https://aspirezoneqa.sharepoint.com/sites/Rehabilitation-ExerciseVideos/Shared Documents/Exercise and assessment video library/Exercises/Lower Body/Rectus Femoris/Rec Fem Videos/Injuries/Pedri injury poor quality.mov
NFL Punt Injury,https://aspirezoneqa.sharepoint.com/sites/Rehabilitation-ExerciseVideos/Shared Documents/Exercise and assessment video library/Exercises/Lower Body/Rectus Femoris/Rec Fem Videos/Injuries/NFL Punt Injury.mov
Julio Cesar - Rec Fem 2016 - Sprinting,https://aspirezoneqa.sharepoint.com/sites/Rehabilitation-ExerciseVideos/Shared Documents/Exercise and assessment video library/Exercises/Lower Body/Rectus Femoris/Rec Fem Videos/Injuries/Julio Cesar - Rec Fem 2016 - Sprinting.mp4
Pogba rec fem re-injury,https://aspirezoneqa.sharepoint.com/sites/Rehabilitation-ExerciseVideos/Shared Documents/Exercise and assessment video library/Exercises/Lower Body/Rectus Femoris/Rec Fem Videos/Injuries/Pogba rec fem re-injury.mp4
QATAR FOOTBALL SHOOTING HAMSTRING INJURY,https://aspirezoneqa.sharepoint.com/sites/Rehabilitation-ExerciseVideos/Shared Documents/Exercise and assessment video library/Exercises/Lower Body/Rectus Femoris/Rec Fem Videos/Injuries/QATAR FOOTBALL SHOOTING HAMSTRING INJURY.mp4
90 90 Hip Flexion Break Test HHD,https://aspirezoneqa.sharepoint.com/sites/Rehabilitation-ExerciseVideos/Shared Documents/Exercise and assessment video library/Assessments/Rectus Femoris/Rectus Femoris Clinical Testing/90 90 Hip Flexion Break Test HHD.mov
Belt Hip Flexion Iso Side-View,https://aspirezoneqa.sharepoint.com/sites/Rehabilitation-ExerciseVideos/Shared Documents/Exercise and assessment video library/Assessments/Rectus Femoris/Rectus Femoris Clinical Testing/Belt Hip Flexion Iso Side-View.MOV
Belt Hip Flexion Iso,https://aspirezoneqa.sharepoint.com/sites/Rehabilitation-ExerciseVideos/Shared Documents/Exercise and assessment video library/Assessments/Rectus Femoris/Rectus Femoris Clinical Testing/Belt Hip Flexion Iso.MOV
Knee Extension Iso 40 60 front,https://aspirezoneqa.sharepoint.com/sites/Rehabilitation-ExerciseVideos/Shared Documents/Exercise and assessment video library/Assessments/Rectus Femoris/Rectus Femoris Clinical Testing/Knee Extension Iso 40 60 front .MOV
Prone Range Testing Rec Fem Foam Roller,https://aspirezoneqa.sharepoint.com/sites/Rehabilitation-ExerciseVideos/Shared Documents/Exercise and assessment video library/Assessments/Rectus Femoris/Rectus Femoris Clinical Testing/Prone Range Testing Rec Fem Foam Roller.mov
Knee Extension Iso 40 60,https://aspirezoneqa.sharepoint.com/sites/Rehabilitation-ExerciseVideos/Shared Documents/Exercise and assessment video library/Assessments/Rectus Femoris/Rectus Femoris Clinical Testing/Knee Extension Iso 40 60.MOV
SLR Break Test,https://aspirezoneqa.sharepoint.com/sites/Rehabilitation-ExerciseVideos/Shared Documents/Exercise and assessment video library/Assessments/Rectus Femoris/Rectus Femoris Clinical Testing/SLR Break Test.mov
Golfer Oblique Rotations,https://aspirezoneqa.sharepoint.com/sites/Rehabilitation-ExerciseVideos/Shared Documents/Exercise and assessment video library/Exercises/Lower Body/Rectus Femoris/Rec Fem Videos/Rec Fem Videos 2/Motor Control/Golfer Oblique Rotations.MOV
Thomas Test,https://aspirezoneqa.sharepoint.com/sites/Rehabilitation-ExerciseVideos/Shared Documents/Exercise and assessment video library/Assessments/Rectus Femoris/Rectus Femoris Clinical Testing/Thomas Test.MOV
Half Kneel Hip ER Side-on,https://aspirezoneqa.sharepoint.com/sites/Rehabilitation-ExerciseVideos/Shared Documents/Exercise and assessment video library/Exercises/Lower Body/Rectus Femoris/Rec Fem Videos/Rec Fem Videos 2/Motor Control/Half Kneel Hip ER Side-on.MOV
Half kneel hip ER,https://aspirezoneqa.sharepoint.com/sites/Rehabilitation-ExerciseVideos/Shared Documents/Exercise and assessment video library/Exercises/Lower Body/Rectus Femoris/Rec Fem Videos/Rec Fem Videos 2/Motor Control/Half kneel hip ER.MOV
Hip Hitch,https://aspirezoneqa.sharepoint.com/sites/Rehabilitation-ExerciseVideos/Shared Documents/Exercise and assessment video library/Exercises/Lower Body/Rectus Femoris/Rec Fem Videos/Rec Fem Videos 2/Motor Control/Hip Hitch .MOV
Hip Lock hold Banded,https://aspirezoneqa.sharepoint.com/sites/Rehabilitation-ExerciseVideos/Shared Documents/Exercise and assessment video library/Exercises/Lower Body/Rectus Femoris/Rec Fem Videos/Rec Fem Videos 2/Motor Control/Hip Lock hold Banded.MOV
Mini Oblique Crunch,https://aspirezoneqa.sharepoint.com/sites/Rehabilitation-ExerciseVideos/Shared Documents/Exercise and assessment video library/Exercises/Lower Body/Rectus Femoris/Rec Fem Videos/Rec Fem Videos 2/Motor Control/Mini Oblique Crunch.MOV
Hip Lock Switch,https://aspirezoneqa.sharepoint.com/sites/Rehabilitation-ExerciseVideos/Shared Documents/Exercise and assessment video library/Exercises/Lower Body/Rectus Femoris/Rec Fem Videos/Rec Fem Videos 2/Motor Control/Hip Lock Switch.MOV
Squat Iso Band Rotation,https://aspirezoneqa.sharepoint.com/sites/Rehabilitation-ExerciseVideos/Shared Documents/Exercise and assessment video library/Exercises/Lower Body/Rectus Femoris/Rec Fem Videos/Rec Fem Videos 2/Motor Control/Squat Iso Band Rotation.MOV
Supine Inner range hip flexion,https://aspirezoneqa.sharepoint.com/sites/Rehabilitation-ExerciseVideos/Shared Documents/Exercise and assessment video library/Exercises/Lower Body/Rectus Femoris/Rec Fem Videos/Rec Fem Videos 2/Motor Control/Supine Inner range hip flexion.mov
Knee extension Iso,https://aspirezoneqa.sharepoint.com/sites/Rehabilitation-ExerciseVideos/Shared Documents/Exercise and assessment video library/Exercises/Lower Body/Rectus Femoris/Rec Fem Videos/Rec Fem Videos 2/Early Loading.other Rec Fem/Knee extension Iso.mp4
Relaxed Lengthening  Prone active knee flexion,https://aspirezoneqa.sharepoint.com/sites/Rehabilitation-ExerciseVideos/Shared Documents/Exercise and assessment video library/Exercises/Lower Body/Rectus Femoris/Rec Fem Videos/Rec Fem Videos 2/Early Loading.other Rec Fem/Relaxed Lengthening  Prone active knee flexion .MOV
Relaxed lengthening  Prone Banded,https://aspirezoneqa.sharepoint.com/sites/Rehabilitation-ExerciseVideos/Shared Documents/Exercise and assessment video library/Exercises/Lower Body/Rectus Femoris/Rec Fem Videos/Rec Fem Videos 2/Early Loading.other Rec Fem/Relaxed lengthening  Prone Banded.MOV
SLR Iso EMG,https://aspirezoneqa.sharepoint.com/sites/Rehabilitation-ExerciseVideos/Shared Documents/Exercise and assessment video library/Exercises/Lower Body/Rectus Femoris/Rec Fem Videos/Rec Fem Videos 2/Early Loading.other Rec Fem/SLR Iso EMG.MOV
Seated Inner range Hip Flexion EMG,https://aspirezoneqa.sharepoint.com/sites/Rehabilitation-ExerciseVideos/Shared Documents/Exercise and assessment video library/Exercises/Lower Body/Rectus Femoris/Rec Fem Videos/Rec Fem Videos 2/Early Loading.other Rec Fem/Seated Inner range Hip Flexion EMG.MOV
SLR Iso Inner Range  EMG 2,https://aspirezoneqa.sharepoint.com/sites/Rehabilitation-ExerciseVideos/Shared Documents/Exercise and assessment video library/Exercises/Lower Body/Rectus Femoris/Rec Fem Videos/Rec Fem Videos 2/Early Loading.other Rec Fem/SLR Iso Inner Range  EMG 2.MOV
SLR ISO Inner range  EMG,https://aspirezoneqa.sharepoint.com/sites/Rehabilitation-ExerciseVideos/Shared Documents/Exercise and assessment video library/Exercises/Lower Body/Rectus Femoris/Rec Fem Videos/Rec Fem Videos 2/Early Loading.other Rec Fem/SLR ISO Inner range  EMG .MOV
Drop Jump Double Leg,https://aspirezoneqa.sharepoint.com/sites/Rehabilitation-ExerciseVideos/Shared Documents/Exercise and assessment video library/Exercises/Lower Body/Rectus Femoris/Rec Fem Videos/Rec Fem Videos 2/Reactive Strength - Rec Fem/Drop Jump Double Leg.mov
Drop Jump Single Leg,https://aspirezoneqa.sharepoint.com/sites/Rehabilitation-ExerciseVideos/Shared Documents/Exercise and assessment video library/Exercises/Lower Body/Rectus Femoris/Rec Fem Videos/Rec Fem Videos 2/Reactive Strength - Rec Fem/Drop Jump Single Leg.MOV
Keiser Kick (Front),https://aspirezoneqa.sharepoint.com/sites/Rehabilitation-ExerciseVideos/Shared Documents/Exercise and assessment video library/Exercises/Lower Body/Rectus Femoris/Rec Fem Videos/Rec Fem Videos 2/Reactive Strength - Rec Fem/Keiser Kick (Front).mov
Keiser Kick,https://aspirezoneqa.sharepoint.com/sites/Rehabilitation-ExerciseVideos/Shared Documents/Exercise and assessment video library/Exercises/Lower Body/Rectus Femoris/Rec Fem Videos/Rec Fem Videos 2/Reactive Strength - Rec Fem/Keiser Kick.MOV
Leg Swings,https://aspirezoneqa.sharepoint.com/sites/Rehabilitation-ExerciseVideos/Shared Documents/Exercise and assessment video library/Exercises/Lower Body/Rectus Femoris/Rec Fem Videos/Rec Fem Videos 2/Reactive Strength - Rec Fem/Leg Swings.MOV
Pogos Double Leg,https://aspirezoneqa.sharepoint.com/sites/Rehabilitation-ExerciseVideos/Shared Documents/Exercise and assessment video library/Exercises/Lower Body/Rectus Femoris/Rec Fem Videos/Rec Fem Videos 2/Reactive Strength - Rec Fem/Pogos Double Leg.MOV
Pogos Single Leg,https://aspirezoneqa.sharepoint.com/sites/Rehabilitation-ExerciseVideos/Shared Documents/Exercise and assessment video library/Exercises/Lower Body/Rectus Femoris/Rec Fem Videos/Rec Fem Videos 2/Reactive Strength - Rec Fem/Pogos Single Leg.MOV
Pogos Single Leg Banded,https://aspirezoneqa.sharepoint.com/sites/Rehabilitation-ExerciseVideos/Shared Documents/Exercise and assessment video library/Exercises/Lower Body/Rectus Femoris/Rec Fem Videos/Rec Fem Videos 2/Reactive Strength - Rec Fem/Pogos Single Leg Banded.MOV
Indoor short pass with lateral,https://aspirezoneqa.sharepoint.com/sites/Rehabilitation-ExerciseVideos/Shared Documents/Exercise and assessment video library/Exercises/Lower Body/Rectus Femoris/Rec Fem Videos/Rec Fem Videos 2/Kicking Sport Specific/Indoor short pass with lateral .MOV
Short Pass indoor,https://aspirezoneqa.sharepoint.com/sites/Rehabilitation-ExerciseVideos/Shared Documents/Exercise and assessment video library/Exercises/Lower Body/Rectus Femoris/Rec Fem Videos/Rec Fem Videos 2/Kicking Sport Specific/Short Pass indoor.MOV
Hip Flexion Knee Flexed Rec Fem Strength Stream,https://aspirezoneqa.sharepoint.com/sites/Rehabilitation-ExerciseVideos/Shared Documents/Exercise and assessment video library/Exercises/Lower Body/Rectus Femoris/Rec Fem Videos/Rec Fem Videos 2/Compilations/Hip Flexion Knee Flexed Rec Fem Strength Stream.mp4
Hip Flexion Knee Extended Rec Fem Strength Stream,https://aspirezoneqa.sharepoint.com/sites/Rehabilitation-ExerciseVideos/Shared Documents/Exercise and assessment video library/Exercises/Lower Body/Rectus Femoris/Rec Fem Videos/Rec Fem Videos 2/Compilations/Hip Flexion Knee Extended Rec Fem Strength Stream.mp4
Rec Fem Explosiveness,https://aspirezoneqa.sharepoint.com/sites/Rehabilitation-ExerciseVideos/Shared Documents/Exercise and assessment video library/Exercises/Lower Body/Rectus Femoris/Rec Fem Videos/Rec Fem Videos 2/Compilations/Rec Fem Explosiveness.mp4
Rec Fem Clinical Testing,https://aspirezoneqa.sharepoint.com/sites/Rehabilitation-ExerciseVideos/Shared Documents/Exercise and assessment video library/Exercises/Lower Body/Rectus Femoris/Rec Fem Videos/Rec Fem Videos 2/Compilations/Rec Fem Clinical Testing.mp4
Assault Bike (Air Dyno),https://aspirezoneqa.sharepoint.com/sites/Rehabilitation-ExerciseVideos/Shared Documents/Exercise and assessment video library/Exercises/Lower Body/Rectus Femoris/Rec Fem Videos/Rec Fem Videos 2/Fitness/Assault Bike (Air Dyno).MOV
Ski Erg,https://aspirezoneqa.sharepoint.com/sites/Rehabilitation-ExerciseVideos/Shared Documents/Exercise and assessment video library/Exercises/Lower Body/Rectus Femoris/Rec Fem Videos/Rec Fem Videos 2/Fitness/Ski Erg.MOV
Watt Bike,https://aspirezoneqa.sharepoint.com/sites/Rehabilitation-ExerciseVideos/Shared Documents/Exercise and assessment video library/Exercises/Lower Body/Rectus Femoris/Rec Fem Videos/Rec Fem Videos 2/Fitness/Watt Bike.MOV
Cable Hip Flexion - Bent Knee,https://aspirezoneqa.sharepoint.com/sites/Rehabilitation-ExerciseVideos/Shared Documents/Exercise and assessment video library/Exercises/Lower Body/Rectus Femoris/Rec Fem Videos/Rec Fem Videos 2/Strength - Rec Fem/Cable Hip Flexion - Bent Knee.MOV
Cable Hip Flexion - Straight Knee,https://aspirezoneqa.sharepoint.com/sites/Rehabilitation-ExerciseVideos/Shared Documents/Exercise and assessment video library/Exercises/Lower Body/Rectus Femoris/Rec Fem Videos/Rec Fem Videos 2/Strength - Rec Fem/Cable Hip Flexion - Straight Knee.MOV
Cable Knee extension (Split Squat),https://aspirezoneqa.sharepoint.com/sites/Rehabilitation-ExerciseVideos/Shared Documents/Exercise and assessment video library/Exercises/Lower Body/Rectus Femoris/Rec Fem Videos/Rec Fem Videos 2/Strength - Rec Fem/Cable Knee extension (Split Squat).MOV
Hip Flexion Iso 90deg ForceFrame,https://aspirezoneqa.sharepoint.com/sites/Rehabilitation-ExerciseVideos/Shared Documents/Exercise and assessment video library/Exercises/Lower Body/Rectus Femoris/Rec Fem Videos/Rec Fem Videos 2/Strength - Rec Fem/Hip Flexion Iso 90deg ForceFrame.MOV
Cable Knee extenion (Split Squat) Eccentric,https://aspirezoneqa.sharepoint.com/sites/Rehabilitation-ExerciseVideos/Shared Documents/Exercise and assessment video library/Exercises/Lower Body/Rectus Femoris/Rec Fem Videos/Rec Fem Videos 2/Strength - Rec Fem/Cable Knee extenion (Split Squat) Eccentric.MOV
Kicker Iso ForceFrame,https://aspirezoneqa.sharepoint.com/sites/Rehabilitation-ExerciseVideos/Shared Documents/Exercise and assessment video library/Exercises/Lower Body/Rectus Femoris/Rec Fem Videos/Rec Fem Videos 2/Strength - Rec Fem/Kicker Iso ForceFrame.MOV
Knee extension Iso Bed Based + EMG,https://aspirezoneqa.sharepoint.com/sites/Rehabilitation-ExerciseVideos/Shared Documents/Exercise and assessment video library/Exercises/Lower Body/Rectus Femoris/Rec Fem Videos/Rec Fem Videos 2/Strength - Rec Fem/Knee extension Iso Bed Based + EMG.MOV
Knee extension Iso - Bed Based + EMG,https://aspirezoneqa.sharepoint.com/sites/Rehabilitation-ExerciseVideos/Shared Documents/Exercise and assessment video library/Exercises/Lower Body/Rectus Femoris/Rec Fem Videos/Rec Fem Videos 2/Strength - Rec Fem/Knee extension Iso - Bed Based + EMG.MOV
Rec Fem Split Squat Reduced Range,https://aspirezoneqa.sharepoint.com/sites/Rehabilitation-ExerciseVideos/Shared Documents/Exercise and assessment video library/Exercises/Lower Body/Rectus Femoris/Rec Fem Videos/Rec Fem Videos 2/Strength - Rec Fem/Rec Fem Split Squat Reduced Range.MOV
Rec Fem Split Squat,https://aspirezoneqa.sharepoint.com/sites/Rehabilitation-ExerciseVideos/Shared Documents/Exercise and assessment video library/Exercises/Lower Body/Rectus Femoris/Rec Fem Videos/Rec Fem Videos 2/Strength - Rec Fem/Rec Fem Split Squat.MOV
Reclined Knee Extension 2up1down Eccentric,https://aspirezoneqa.sharepoint.com/sites/Rehabilitation-ExerciseVideos/Shared Documents/Exercise and assessment video library/Exercises/Lower Body/Rectus Femoris/Rec Fem Videos/Rec Fem Videos 2/Strength - Rec Fem/Reclined Knee Extension 2up1down Eccentric.MOV
Reclined Knee Extension Iso 110deg,https://aspirezoneqa.sharepoint.com/sites/Rehabilitation-ExerciseVideos/Shared Documents/Exercise and assessment video library/Exercises/Lower Body/Rectus Femoris/Rec Fem Videos/Rec Fem Videos 2/Strength - Rec Fem/Reclined Knee Extension Iso 110deg.MOV
Reclined Knee extension Eccentric Manual Overload,https://aspirezoneqa.sharepoint.com/sites/Rehabilitation-ExerciseVideos/Shared Documents/Exercise and assessment video library/Exercises/Lower Body/Rectus Femoris/Rec Fem Videos/Rec Fem Videos 2/Strength - Rec Fem/Reclined Knee extension Eccentric Manual Overload.mov
Reclined Knee Extension Iso 60 deg,https://aspirezoneqa.sharepoint.com/sites/Rehabilitation-ExerciseVideos/Shared Documents/Exercise and assessment video library/Exercises/Lower Body/Rectus Femoris/Rec Fem Videos/Rec Fem Videos 2/Strength - Rec Fem/Reclined Knee Extension Iso 60 deg.MOV
Reclined Knee Extension Iso 90deg,https://aspirezoneqa.sharepoint.com/sites/Rehabilitation-ExerciseVideos/Shared Documents/Exercise and assessment video library/Exercises/Lower Body/Rectus Femoris/Rec Fem Videos/Rec Fem Videos 2/Strength - Rec Fem/Reclined Knee Extension Iso 90deg.MOV
Reclined Knee Extension Single Leg,https://aspirezoneqa.sharepoint.com/sites/Rehabilitation-ExerciseVideos/Shared Documents/Exercise and assessment video library/Exercises/Lower Body/Rectus Femoris/Rec Fem Videos/Rec Fem Videos 2/Strength - Rec Fem/Reclined Knee Extension Single Leg.MOV
Supine Hip Flexion Iso 40deg ForceFrame,https://aspirezoneqa.sharepoint.com/sites/Rehabilitation-ExerciseVideos/Shared Documents/Exercise and assessment video library/Exercises/Lower Body/Rectus Femoris/Rec Fem Videos/Rec Fem Videos 2/Strength - Rec Fem/Supine Hip Flexion Iso 40deg ForceFrame.MOV
Borsov Jump,https://aspirezoneqa.sharepoint.com/sites/Rehabilitation-ExerciseVideos/Shared Documents/Exercise and assessment video library/Exercises/Lower Body/Rectus Femoris/Rec Fem Videos/Rec Fem Videos 2/Explosiveness Rec Fem/Borsov Jump.MOV
Cable Cross Kick 2,https://aspirezoneqa.sharepoint.com/sites/Rehabilitation-ExerciseVideos/Shared Documents/Exercise and assessment video library/Exercises/Lower Body/Rectus Femoris/Rec Fem Videos/Rec Fem Videos 2/Explosiveness Rec Fem/Cable Cross Kick 2.MOV
Straigh knee hip flexion Isometric Progression,https://aspirezoneqa.sharepoint.com/sites/Rehabilitation-ExerciseVideos/Shared Documents/Exercise and assessment video library/Exercises/Lower Body/Rectus Femoris/Rec Fem Videos/Rec Fem Videos 2/Strength - Rec Fem/Straigh knee hip flexion Isometric Progression.mp4
Cable Cross Kick,https://aspirezoneqa.sharepoint.com/sites/Rehabilitation-ExerciseVideos/Shared Documents/Exercise and assessment video library/Exercises/Lower Body/Rectus Femoris/Rec Fem Videos/Rec Fem Videos 2/Explosiveness Rec Fem/Cable Cross Kick.MOV
CMJ Double Leg,https://aspirezoneqa.sharepoint.com/sites/Rehabilitation-ExerciseVideos/Shared Documents/Exercise and assessment video library/Exercises/Lower Body/Rectus Femoris/Rec Fem Videos/Rec Fem Videos 2/Explosiveness Rec Fem/CMJ Double Leg.mov
Flywheel Kick,https://aspirezoneqa.sharepoint.com/sites/Rehabilitation-ExerciseVideos/Shared Documents/Exercise and assessment video library/Exercises/Lower Body/Rectus Femoris/Rec Fem Videos/Rec Fem Videos 2/Explosiveness Rec Fem/Flywheel Kick.mov
Explosive knee extension,https://aspirezoneqa.sharepoint.com/sites/Rehabilitation-ExerciseVideos/Shared Documents/Exercise and assessment video library/Exercises/Lower Body/Rectus Femoris/Rec Fem Videos/Rec Fem Videos 2/Explosiveness Rec Fem/Explosive knee extension.MOV
Seated Jump Double Leg,https://aspirezoneqa.sharepoint.com/sites/Rehabilitation-ExerciseVideos/Shared Documents/Exercise and assessment video library/Exercises/Lower Body/Rectus Femoris/Rec Fem Videos/Rec Fem Videos 2/Explosiveness Rec Fem/Seated Jump Double Leg.MOV
Seated Jump Single Leg,https://aspirezoneqa.sharepoint.com/sites/Rehabilitation-ExerciseVideos/Shared Documents/Exercise and assessment video library/Exercises/Lower Body/Rectus Femoris/Rec Fem Videos/Rec Fem Videos 2/Explosiveness Rec Fem/Seated Jump Single Leg.MOV
Single Leg CMJ,https://aspirezoneqa.sharepoint.com/sites/Rehabilitation-ExerciseVideos/Shared Documents/Exercise and assessment video library/Exercises/Lower Body/Rectus Femoris/Rec Fem Videos/Rec Fem Videos 2/Explosiveness Rec Fem/Single Leg CMJ.MOV
Squat Jump Single Leg Trap Bar,https://aspirezoneqa.sharepoint.com/sites/Rehabilitation-ExerciseVideos/Shared Documents/Exercise and assessment video library/Exercises/Lower Body/Rectus Femoris/Rec Fem Videos/Rec Fem Videos 2/Explosiveness Rec Fem/Squat Jump Single Leg Trap Bar.mov
Squat Jump- Trap Bar,https://aspirezoneqa.sharepoint.com/sites/Rehabilitation-ExerciseVideos/Shared Documents/Exercise and assessment video library/Exercises/Lower Body/Rectus Femoris/Rec Fem Videos/Rec Fem Videos 2/Explosiveness Rec Fem/Squat Jump- Trap Bar.MOV
Banded ankle eversion in plantarflexion Peroneal bias,https://aspirezoneqa.sharepoint.com/sites/Rehabilitation-ExerciseVideos/Shared Documents/Exercise and assessment video library/Exercises/Lower Body/Rectus Femoris/Rec Fem Videos/Rec Fem Videos/Motor Control/Banded ankle eversion in plantarflexion Peroneal bias.mov
Banded ankle inversion plantarflexionn tibialis post bias,https://aspirezoneqa.sharepoint.com/sites/Rehabilitation-ExerciseVideos/Shared Documents/Exercise and assessment video library/Exercises/Lower Body/Rectus Femoris/Rec Fem Videos/Rec Fem Videos/Motor Control/Banded ankle inversion plantarflexionn tibialis post bias.mov
Banded Clam,https://aspirezoneqa.sharepoint.com/sites/Rehabilitation-ExerciseVideos/Shared Documents/Exercise and assessment video library/Exercises/Lower Body/Rectus Femoris/Rec Fem Videos/Rec Fem Videos/Motor Control/Banded Clam.mov
Banded deadbug,https://aspirezoneqa.sharepoint.com/sites/Rehabilitation-ExerciseVideos/Shared Documents/Exercise and assessment video library/Exercises/Lower Body/Rectus Femoris/Rec Fem Videos/Rec Fem Videos/Motor Control/Banded deadbug.mov
Banded Toe Curls,https://aspirezoneqa.sharepoint.com/sites/Rehabilitation-ExerciseVideos/Shared Documents/Exercise and assessment video library/Exercises/Lower Body/Rectus Femoris/Rec Fem Videos/Rec Fem Videos/Motor Control/Banded Toe Curls.mov
Banded Toe Curls close,https://aspirezoneqa.sharepoint.com/sites/Rehabilitation-ExerciseVideos/Shared Documents/Exercise and assessment video library/Exercises/Lower Body/Rectus Femoris/Rec Fem Videos/Rec Fem Videos/Motor Control/Banded Toe Curls close.mov
Blackboard balance Forefoot instability,https://aspirezoneqa.sharepoint.com/sites/Rehabilitation-ExerciseVideos/Shared Documents/Exercise and assessment video library/Exercises/Lower Body/Rectus Femoris/Rec Fem Videos/Rec Fem Videos/Motor Control/Blackboard balance Forefoot instability.mov
Blackboard forefoot eversion,https://aspirezoneqa.sharepoint.com/sites/Rehabilitation-ExerciseVideos/Shared Documents/Exercise and assessment video library/Exercises/Lower Body/Rectus Femoris/Rec Fem Videos/Rec Fem Videos/Motor Control/Blackboard forefoot eversion.mov
Blackboard forefoot eversion close,https://aspirezoneqa.sharepoint.com/sites/Rehabilitation-ExerciseVideos/Shared Documents/Exercise and assessment video library/Exercises/Lower Body/Rectus Femoris/Rec Fem Videos/Rec Fem Videos/Motor Control/Blackboard forefoot eversion close.mov
Calf Raise Single Leg Band medial Close,https://aspirezoneqa.sharepoint.com/sites/Rehabilitation-ExerciseVideos/Shared Documents/Exercise and assessment video library/Exercises/Lower Body/Rectus Femoris/Rec Fem Videos/Rec Fem Videos/Motor Control/Calf Raise Single Leg Band medial Close.mov
Cable Sword Draw inside foot forward,https://aspirezoneqa.sharepoint.com/sites/Rehabilitation-ExerciseVideos/Shared Documents/Exercise and assessment video library/Exercises/Lower Body/Rectus Femoris/Rec Fem Videos/Rec Fem Videos/Motor Control/Cable Sword Draw inside foot forward.mov
Cable sword draw outside foot forward,https://aspirezoneqa.sharepoint.com/sites/Rehabilitation-ExerciseVideos/Shared Documents/Exercise and assessment video library/Exercises/Lower Body/Rectus Femoris/Rec Fem Videos/Rec Fem Videos/Motor Control/Cable sword draw outside foot forward.mov
Calf Raise Single leg toe extended Close (socks on),https://aspirezoneqa.sharepoint.com/sites/Rehabilitation-ExerciseVideos/Shared Documents/Exercise and assessment video library/Exercises/Lower Body/Rectus Femoris/Rec Fem Videos/Rec Fem Videos/Motor Control/Calf Raise Single leg toe extended Close (socks on).mov
Calf Rasie Single leg band lateral Close,https://aspirezoneqa.sharepoint.com/sites/Rehabilitation-ExerciseVideos/Shared Documents/Exercise and assessment video library/Exercises/Lower Body/Rectus Femoris/Rec Fem Videos/Rec Fem Videos/Motor Control/Calf Rasie Single leg band lateral Close.mov
Calf Rasie Single leg band lateral,https://aspirezoneqa.sharepoint.com/sites/Rehabilitation-ExerciseVideos/Shared Documents/Exercise and assessment video library/Exercises/Lower Body/Rectus Femoris/Rec Fem Videos/Rec Fem Videos/Motor Control/Calf Rasie Single leg band lateral.mov
Calf Rasie Single Leg Toe extended Close,https://aspirezoneqa.sharepoint.com/sites/Rehabilitation-ExerciseVideos/Shared Documents/Exercise and assessment video library/Exercises/Lower Body/Rectus Femoris/Rec Fem Videos/Rec Fem Videos/Motor Control/Calf Rasie Single Leg Toe extended Close.mov
Calf Rasie Single Leg Band Medial,https://aspirezoneqa.sharepoint.com/sites/Rehabilitation-ExerciseVideos/Shared Documents/Exercise and assessment video library/Exercises/Lower Body/Rectus Femoris/Rec Fem Videos/Rec Fem Videos/Motor Control/Calf Rasie Single Leg Band Medial.mov
Crab Walk,https://aspirezoneqa.sharepoint.com/sites/Rehabilitation-ExerciseVideos/Shared Documents/Exercise and assessment video library/Exercises/Lower Body/Rectus Femoris/Rec Fem Videos/Rec Fem Videos/Motor Control/Crab Walk.mov
Double leg lowe short lever,https://aspirezoneqa.sharepoint.com/sites/Rehabilitation-ExerciseVideos/Shared Documents/Exercise and assessment video library/Exercises/Lower Body/Rectus Femoris/Rec Fem Videos/Rec Fem Videos/Motor Control/Double leg lowe short lever.mov
Double leg lower long lever,https://aspirezoneqa.sharepoint.com/sites/Rehabilitation-ExerciseVideos/Shared Documents/Exercise and assessment video library/Exercises/Lower Body/Rectus Femoris/Rec Fem Videos/Rec Fem Videos/Motor Control/Double leg lower long lever.mov
four point kneel hip external rotation,https://aspirezoneqa.sharepoint.com/sites/Rehabilitation-ExerciseVideos/Shared Documents/Exercise and assessment video library/Exercises/Lower Body/Rectus Femoris/Rec Fem Videos/Rec Fem Videos/Motor Control/four point kneel hip external rotation.mov
Hamstring Glider,https://aspirezoneqa.sharepoint.com/sites/Rehabilitation-ExerciseVideos/Shared Documents/Exercise and assessment video library/Exercises/Lower Body/Rectus Femoris/Rec Fem Videos/Rec Fem Videos/Motor Control/Hamstring Glider.mov
Hip Hitch supported 2,https://aspirezoneqa.sharepoint.com/sites/Rehabilitation-ExerciseVideos/Shared Documents/Exercise and assessment video library/Exercises/Lower Body/Rectus Femoris/Rec Fem Videos/Rec Fem Videos/Motor Control/Hip Hitch supported 2.mov
Hip Hitch Unsupported,https://aspirezoneqa.sharepoint.com/sites/Rehabilitation-ExerciseVideos/Shared Documents/Exercise and assessment video library/Exercises/Lower Body/Rectus Femoris/Rec Fem Videos/Rec Fem Videos/Motor Control/Hip Hitch Unsupported.mov
Hip Lock Switch,https://aspirezoneqa.sharepoint.com/sites/Rehabilitation-ExerciseVideos/Shared Documents/Exercise and assessment video library/Exercises/Lower Body/Rectus Femoris/Rec Fem Videos/Rec Fem Videos/Motor Control/Hip lock switch.mov
Medial arch lift band resisted,https://aspirezoneqa.sharepoint.com/sites/Rehabilitation-ExerciseVideos/Shared Documents/Exercise and assessment video library/Exercises/Lower Body/Rectus Femoris/Rec Fem Videos/Rec Fem Videos/Motor Control/Medial arch lift band resisted.mov
Medial Arch lift,https://aspirezoneqa.sharepoint.com/sites/Rehabilitation-ExerciseVideos/Shared Documents/Exercise and assessment video library/Exercises/Lower Body/Rectus Femoris/Rec Fem Videos/Rec Fem Videos/Motor Control/Medial Arch lift.mov
MHFAKE Hamstring extender,https://aspirezoneqa.sharepoint.com/sites/Rehabilitation-ExerciseVideos/Shared Documents/Exercise and assessment video library/Exercises/Lower Body/Rectus Femoris/Rec Fem Videos/Rec Fem Videos/Motor Control/MHFAKE Hamstring extender.mov
Mini Lateral Step Down,https://aspirezoneqa.sharepoint.com/sites/Rehabilitation-ExerciseVideos/Shared Documents/Exercise and assessment video library/Exercises/Lower Body/Rectus Femoris/Rec Fem Videos/Rec Fem Videos/Motor Control/Mini Lateral Step Down.mov
Pallof Press Cable standing,https://aspirezoneqa.sharepoint.com/sites/Rehabilitation-ExerciseVideos/Shared Documents/Exercise and assessment video library/Exercises/Lower Body/Rectus Femoris/Rec Fem Videos/Rec Fem Videos/Motor Control/Pallof Press Cable standing.mov
Psoas Iso,https://aspirezoneqa.sharepoint.com/sites/Rehabilitation-ExerciseVideos/Shared Documents/Exercise and assessment video library/Exercises/Lower Body/Rectus Femoris/Rec Fem Videos/Rec Fem Videos/Motor Control/Psoas Iso.mov
Prong Figure of Four Hip External rotation Iso,https://aspirezoneqa.sharepoint.com/sites/Rehabilitation-ExerciseVideos/Shared Documents/Exercise and assessment video library/Exercises/Lower Body/Rectus Femoris/Rec Fem Videos/Rec Fem Videos/Motor Control/Prong Figure of Four Hip External rotation Iso.mov
RDL Rotation waterbag,https://aspirezoneqa.sharepoint.com/sites/Rehabilitation-ExerciseVideos/Shared Documents/Exercise and assessment video library/Exercises/Lower Body/Rectus Femoris/Rec Fem Videos/Rec Fem Videos/Motor Control/RDL Rotation waterbag.mov
RDL Single Leg,https://aspirezoneqa.sharepoint.com/sites/Rehabilitation-ExerciseVideos/Shared Documents/Exercise and assessment video library/Exercises/Lower Body/Rectus Femoris/Rec Fem Videos/Rec Fem Videos/Motor Control/RDL Single Leg .mov
RDL Single Leg Waterbag,https://aspirezoneqa.sharepoint.com/sites/Rehabilitation-ExerciseVideos/Shared Documents/Exercise and assessment video library/Exercises/Lower Body/Rectus Femoris/Rec Fem Videos/Rec Fem Videos/Motor Control/RDL Single Leg Waterbag.mov
RDL Single Leg Band medial,https://aspirezoneqa.sharepoint.com/sites/Rehabilitation-ExerciseVideos/Shared Documents/Exercise and assessment video library/Exercises/Lower Body/Rectus Femoris/Rec Fem Videos/Rec Fem Videos/Motor Control/RDL Single Leg Band medial.mov
RDL Single leg with rotation,https://aspirezoneqa.sharepoint.com/sites/Rehabilitation-ExerciseVideos/Shared Documents/Exercise and assessment video library/Exercises/Lower Body/Rectus Femoris/Rec Fem Videos/Rec Fem Videos/Motor Control/RDL Single leg with rotation.mov
Side lieing hip abduciton,https://aspirezoneqa.sharepoint.com/sites/Rehabilitation-ExerciseVideos/Shared Documents/Exercise and assessment video library/Exercises/Lower Body/Rectus Femoris/Rec Fem Videos/Rec Fem Videos/Motor Control/Side lieing hip abduciton.mov
Side lieing hip abduction banded,https://aspirezoneqa.sharepoint.com/sites/Rehabilitation-ExerciseVideos/Shared Documents/Exercise and assessment video library/Exercises/Lower Body/Rectus Femoris/Rec Fem Videos/Rec Fem Videos/Motor Control/Side lieing hip abduction banded.mov
Side Plank with leg left,https://aspirezoneqa.sharepoint.com/sites/Rehabilitation-ExerciseVideos/Shared Documents/Exercise and assessment video library/Exercises/Lower Body/Rectus Femoris/Rec Fem Videos/Rec Fem Videos/Motor Control/Side Plank with leg left.mov
Single leg Mini-squat,https://aspirezoneqa.sharepoint.com/sites/Rehabilitation-ExerciseVideos/Shared Documents/Exercise and assessment video library/Exercises/Lower Body/Rectus Femoris/Rec Fem Videos/Rec Fem Videos/Motor Control/Single leg Mini-squat.mov
Single leg lower short lever,https://aspirezoneqa.sharepoint.com/sites/Rehabilitation-ExerciseVideos/Shared Documents/Exercise and assessment video library/Exercises/Lower Body/Rectus Femoris/Rec Fem Videos/Rec Fem Videos/Motor Control/Single leg lower short lever.mov
Single LEg Squat Dowel Overhead front,https://aspirezoneqa.sharepoint.com/sites/Rehabilitation-ExerciseVideos/Shared Documents/Exercise and assessment video library/Exercises/Lower Body/Rectus Femoris/Rec Fem Videos/Rec Fem Videos/Motor Control/Single LEg Squat Dowel Overhead front.mov
Single LEg Squat Waterbag Front,https://aspirezoneqa.sharepoint.com/sites/Rehabilitation-ExerciseVideos/Shared Documents/Exercise and assessment video library/Exercises/Lower Body/Rectus Femoris/Rec Fem Videos/Rec Fem Videos/Motor Control/Single LEg Squat Waterbag Front.mov
Single leg squat dowel overhead side,https://aspirezoneqa.sharepoint.com/sites/Rehabilitation-ExerciseVideos/Shared Documents/Exercise and assessment video library/Exercises/Lower Body/Rectus Femoris/Rec Fem Videos/Rec Fem Videos/Motor Control/Single leg squat dowel overhead side.mov
Single leg Squat Waterbag side,https://aspirezoneqa.sharepoint.com/sites/Rehabilitation-ExerciseVideos/Shared Documents/Exercise and assessment video library/Exercises/Lower Body/Rectus Femoris/Rec Fem Videos/Rec Fem Videos/Motor Control/Single leg Squat Waterbag side.mov
Single leg Squat,https://aspirezoneqa.sharepoint.com/sites/Rehabilitation-ExerciseVideos/Shared Documents/Exercise and assessment video library/Exercises/Lower Body/Rectus Femoris/Rec Fem Videos/Rec Fem Videos/Motor Control/Single leg Squat.mov
Squat 1st MTPJ banded,https://aspirezoneqa.sharepoint.com/sites/Rehabilitation-ExerciseVideos/Shared Documents/Exercise and assessment video library/Exercises/Lower Body/Rectus Femoris/Rec Fem Videos/Rec Fem Videos/Motor Control/Squat 1st MTPJ banded.mov
TRX Single Leg Squat,https://aspirezoneqa.sharepoint.com/sites/Rehabilitation-ExerciseVideos/Shared Documents/Exercise and assessment video library/Exercises/Lower Body/Rectus Femoris/Rec Fem Videos/Rec Fem Videos/Motor Control/TRX Single Leg Squat.mov
Waterbag hip lock,https://aspirezoneqa.sharepoint.com/sites/Rehabilitation-ExerciseVideos/Shared Documents/Exercise and assessment video library/Exercises/Lower Body/Rectus Femoris/Rec Fem Videos/Rec Fem Videos/Motor Control/Waterbag hip lock.mov
Triple Hip Fromnt on,https://aspirezoneqa.sharepoint.com/sites/Rehabilitation-ExerciseVideos/Shared Documents/Exercise and assessment video library/Exercises/Lower Body/Rectus Femoris/Rec Fem Videos/Rec Fem Videos/Reactive Strength - Rec Fem/Triple Hip Fromnt on.mov
Triple Hop Side On,https://aspirezoneqa.sharepoint.com/sites/Rehabilitation-ExerciseVideos/Shared Documents/Exercise and assessment video library/Exercises/Lower Body/Rectus Femoris/Rec Fem Videos/Rec Fem Videos/Reactive Strength - Rec Fem/Triple Hop Side On.mov
Prone Knee Extension Iso,https://aspirezoneqa.sharepoint.com/sites/Rehabilitation-ExerciseVideos/Shared Documents/Exercise and assessment video library/Exercises/Lower Body/Rectus Femoris/Rec Fem Videos/Rec Fem Videos/Strength - Rec Fem/Prone Knee Extension Iso.mov
Calf Rasie DL & SL,https://aspirezoneqa.sharepoint.com/sites/Rehabilitation-ExerciseVideos/Shared Documents/Exercise and assessment video library/Exercises/Lower Body/Rectus Femoris/Rec Fem Videos/Rec Fem Videos 2/Motor Control/Testing/Calf Rasie DL & SL.MOV
Hip Abduction Active V Passive + MMT Break Test,https://aspirezoneqa.sharepoint.com/sites/Rehabilitation-ExerciseVideos/Shared Documents/Exercise and assessment video library/Exercises/Lower Body/Rectus Femoris/Rec Fem Videos/Rec Fem Videos 2/Motor Control/Testing/Hip Abduction Active V Passive + MMT Break Test.MOV
Hip IR FABER ER strenght,https://aspirezoneqa.sharepoint.com/sites/Rehabilitation-ExerciseVideos/Shared Documents/Exercise and assessment video library/Exercises/Lower Body/Rectus Femoris/Rec Fem Videos/Rec Fem Videos 2/Motor Control/Testing/Hip IR FABER ER strenght .MOV
Overhead Squat,https://aspirezoneqa.sharepoint.com/sites/Rehabilitation-ExerciseVideos/Shared Documents/Exercise and assessment video library/Exercises/Lower Body/Rectus Femoris/Rec Fem Videos/Rec Fem Videos 2/Motor Control/Testing/Overhead Squat.mov
Single leg Squat,https://aspirezoneqa.sharepoint.com/sites/Rehabilitation-ExerciseVideos/Shared Documents/Exercise and assessment video library/Exercises/Lower Body/Rectus Femoris/Rec Fem Videos/Rec Fem Videos 2/Motor Control/Testing/Single Leg Squat.mov
Single Leg Hop For Distance side on,https://aspirezoneqa.sharepoint.com/sites/Rehabilitation-ExerciseVideos/Shared Documents/Exercise and assessment video library/Exercises/Lower Body/Rectus Femoris/Rec Fem Videos/Rec Fem Videos/Explosiveness Rec Fem/General Lower Limb/Single Leg Hop For Distance side on.mov
Single leg hoop for distance Front On,https://aspirezoneqa.sharepoint.com/sites/Rehabilitation-ExerciseVideos/Shared Documents/Exercise and assessment video library/Exercises/Lower Body/Rectus Femoris/Rec Fem Videos/Rec Fem Videos/Explosiveness Rec Fem/General Lower Limb/Single leg hoop for distance Front On.mov
1080 Accel,https://aspirezoneqa.sharepoint.com/sites/Rehabilitation-ExerciseVideos/Shared Documents/Exercise and assessment video library/Exercises/Lower Body/Rectus Femoris/Rec Fem Videos/Rec Fem Videos/Running/Running/1080 Accel .mov
1080 resisted 180deg cut,https://aspirezoneqa.sharepoint.com/sites/Rehabilitation-ExerciseVideos/Shared Documents/Exercise and assessment video library/Exercises/Lower Body/Rectus Femoris/Rec Fem Videos/Rec Fem Videos/Running/Running/1080 resisted 180deg cut.mov
15m accel decel,https://aspirezoneqa.sharepoint.com/sites/Rehabilitation-ExerciseVideos/Shared Documents/Exercise and assessment video library/Exercises/Lower Body/Rectus Femoris/Rec Fem Videos/Rec Fem Videos/Running/Running/15m accel decel.mov
10m accel decel,https://aspirezoneqa.sharepoint.com/sites/Rehabilitation-ExerciseVideos/Shared Documents/Exercise and assessment video library/Exercises/Lower Body/Rectus Femoris/Rec Fem Videos/Rec Fem Videos/Running/Running/10m accel decel.mov
45deg cut,https://aspirezoneqa.sharepoint.com/sites/Rehabilitation-ExerciseVideos/Shared Documents/Exercise and assessment video library/Exercises/Lower Body/Rectus Femoris/Rec Fem Videos/Rec Fem Videos/Running/Running/45deg cut.mov
5m Accel Decel,https://aspirezoneqa.sharepoint.com/sites/Rehabilitation-ExerciseVideos/Shared Documents/Exercise and assessment video library/Exercises/Lower Body/Rectus Femoris/Rec Fem Videos/Rec Fem Videos/Running/Running/5m Accel Decel.mov
20m Return Shuttle Run,https://aspirezoneqa.sharepoint.com/sites/Rehabilitation-ExerciseVideos/Shared Documents/Exercise and assessment video library/Exercises/Lower Body/Rectus Femoris/Rec Fem Videos/Rec Fem Videos/Running/Running/20m Return Shuttle Run.mov
90 degree cut,https://aspirezoneqa.sharepoint.com/sites/Rehabilitation-ExerciseVideos/Shared Documents/Exercise and assessment video library/Exercises/Lower Body/Rectus Femoris/Rec Fem Videos/Rec Fem Videos/Running/Running/90 degree cut.mov
Resisted Accel,https://aspirezoneqa.sharepoint.com/sites/Rehabilitation-ExerciseVideos/Shared Documents/Exercise and assessment video library/Exercises/Lower Body/Rectus Femoris/Rec Fem Videos/Rec Fem Videos/Running/Running/Resisted Accel.mov
Mirror Lateral Shuffle,https://aspirezoneqa.sharepoint.com/sites/Rehabilitation-ExerciseVideos/Shared Documents/Exercise and assessment video library/Exercises/Lower Body/Rectus Femoris/Rec Fem Videos/Rec Fem Videos/Running/Running/Mirror Lateral Shuffle.mov
Upright Running Sprinting,https://aspirezoneqa.sharepoint.com/sites/Rehabilitation-ExerciseVideos/Shared Documents/Exercise and assessment video library/Exercises/Lower Body/Rectus Femoris/Rec Fem Videos/Rec Fem Videos/Running/Running/Upright Running Sprinting.mov
Calf Raise DL & SL,https://aspirezoneqa.sharepoint.com/sites/Rehabilitation-ExerciseVideos/Shared Documents/Exercise and assessment video library/Exercises/Lower Body/Rectus Femoris/Rec Fem Videos/Rec Fem Videos/Motor Control/Testing/Calf Raise DL & SL.MOV
A Skip,https://aspirezoneqa.sharepoint.com/sites/Rehabilitation-ExerciseVideos/Shared Documents/Exercise and assessment video library/Exercises/Lower Body/Rectus Femoris/Rec Fem Videos/Rec Fem Videos/Running/Biomechanics/Dynamic Mechanics Drills/A Skip.mov
B Skip,https://aspirezoneqa.sharepoint.com/sites/Rehabilitation-ExerciseVideos/Shared Documents/Exercise and assessment video library/Exercises/Lower Body/Rectus Femoris/Rec Fem Videos/Rec Fem Videos/Running/Biomechanics/Dynamic Mechanics Drills/B Skip.mov
Deadleg alternating,https://aspirezoneqa.sharepoint.com/sites/Rehabilitation-ExerciseVideos/Shared Documents/Exercise and assessment video library/Exercises/Lower Body/Rectus Femoris/Rec Fem Videos/Rec Fem Videos/Running/Biomechanics/Dynamic Mechanics Drills/Deadleg alternating.mov
Deadleg,https://aspirezoneqa.sharepoint.com/sites/Rehabilitation-ExerciseVideos/Shared Documents/Exercise and assessment video library/Exercises/Lower Body/Rectus Femoris/Rec Fem Videos/Rec Fem Videos/Running/Biomechanics/Dynamic Mechanics Drills/Deadleg.mov
Dribbles small to large,https://aspirezoneqa.sharepoint.com/sites/Rehabilitation-ExerciseVideos/Shared Documents/Exercise and assessment video library/Exercises/Lower Body/Rectus Femoris/Rec Fem Videos/Rec Fem Videos/Running/Biomechanics/Dynamic Mechanics Drills/Dribbles small to large.mov
Scissors Run,https://aspirezoneqa.sharepoint.com/sites/Rehabilitation-ExerciseVideos/Shared Documents/Exercise and assessment video library/Exercises/Lower Body/Rectus Femoris/Rec Fem Videos/Rec Fem Videos/Running/Biomechanics/Dynamic Mechanics Drills/Scissors Run.mov
A Skip with rotation,https://aspirezoneqa.sharepoint.com/sites/Rehabilitation-ExerciseVideos/Shared Documents/Exercise and assessment video library/Exercises/Lower Body/Rectus Femoris/Rec Fem Videos/Rec Fem Videos/Running/Biomechanics/Static/A Skip with rotation.mov
A-Skip Band pulling back,https://aspirezoneqa.sharepoint.com/sites/Rehabilitation-ExerciseVideos/Shared Documents/Exercise and assessment video library/Exercises/Lower Body/Rectus Femoris/Rec Fem Videos/Rec Fem Videos/Running/Biomechanics/Static/A-Skip Band pulling back.mov
A-Skips Dowel Overhead,https://aspirezoneqa.sharepoint.com/sites/Rehabilitation-ExerciseVideos/Shared Documents/Exercise and assessment video library/Exercises/Lower Body/Rectus Femoris/Rec Fem Videos/Rec Fem Videos/Running/Biomechanics/Static/A-Skips Dowel Overhead.mov
Assisted Decel,https://aspirezoneqa.sharepoint.com/sites/Rehabilitation-ExerciseVideos/Shared Documents/Exercise and assessment video library/Exercises/Lower Body/Rectus Femoris/Rec Fem Videos/Rec Fem Videos/Running/Biomechanics/Static/Assisted Decel.mov
Accel to wall,https://aspirezoneqa.sharepoint.com/sites/Rehabilitation-ExerciseVideos/Shared Documents/Exercise and assessment video library/Exercises/Lower Body/Rectus Femoris/Rec Fem Videos/Rec Fem Videos/Running/Biomechanics/Static/Accel to wall.mov
Assisted Hop and stick,https://aspirezoneqa.sharepoint.com/sites/Rehabilitation-ExerciseVideos/Shared Documents/Exercise and assessment video library/Exercises/Lower Body/Rectus Femoris/Rec Fem Videos/Rec Fem Videos/Running/Biomechanics/Static/Assisted Hop and stick.mov
Assisted hop and stick 1,https://aspirezoneqa.sharepoint.com/sites/Rehabilitation-ExerciseVideos/Shared Documents/Exercise and assessment video library/Exercises/Lower Body/Rectus Femoris/Rec Fem Videos/Rec Fem Videos/Running/Biomechanics/Static/Assisted hop and stick 1.mov
Banded hip lock double switch,https://aspirezoneqa.sharepoint.com/sites/Rehabilitation-ExerciseVideos/Shared Documents/Exercise and assessment video library/Exercises/Lower Body/Rectus Femoris/Rec Fem Videos/Rec Fem Videos/Running/Biomechanics/Static/Banded hip lock double switch.mov
Banded accel to wall,https://aspirezoneqa.sharepoint.com/sites/Rehabilitation-ExerciseVideos/Shared Documents/Exercise and assessment video library/Exercises/Lower Body/Rectus Femoris/Rec Fem Videos/Rec Fem Videos/Running/Biomechanics/Static/Banded accel to wall.mov
Banded wall drill hold,https://aspirezoneqa.sharepoint.com/sites/Rehabilitation-ExerciseVideos/Shared Documents/Exercise and assessment video library/Exercises/Lower Body/Rectus Femoris/Rec Fem Videos/Rec Fem Videos/Running/Biomechanics/Static/Banded wall drill hold.mov
Hip Lock Switch Banded front on,https://aspirezoneqa.sharepoint.com/sites/Rehabilitation-ExerciseVideos/Shared Documents/Exercise and assessment video library/Exercises/Lower Body/Rectus Femoris/Rec Fem Videos/Rec Fem Videos/Running/Biomechanics/Static/Hip Lock Switch Banded front on.mov
Hip Lock Switch Banded,https://aspirezoneqa.sharepoint.com/sites/Rehabilitation-ExerciseVideos/Shared Documents/Exercise and assessment video library/Exercises/Lower Body/Rectus Femoris/Rec Fem Videos/Rec Fem Videos/Running/Biomechanics/Static/Hip Lock Switch Banded.mov
Hip Lock hold Banded copy,https://aspirezoneqa.sharepoint.com/sites/Rehabilitation-ExerciseVideos/Shared Documents/Exercise and assessment video library/Exercises/Lower Body/Rectus Femoris/Rec Fem Videos/Rec Fem Videos/Running/Biomechanics/Static/Hip Lock hold Banded copy.MOV
Hurdle hop to lateral hop,https://aspirezoneqa.sharepoint.com/sites/Rehabilitation-ExerciseVideos/Shared Documents/Exercise and assessment video library/Exercises/Lower Body/Rectus Femoris/Rec Fem Videos/Rec Fem Videos/Running/Biomechanics/Static/Hurdle hop to lateral hop.mov
James Bond Switch lateral,https://aspirezoneqa.sharepoint.com/sites/Rehabilitation-ExerciseVideos/Shared Documents/Exercise and assessment video library/Exercises/Lower Body/Rectus Femoris/Rec Fem Videos/Rec Fem Videos/Running/Biomechanics/Static/James Bond Switch lateral.mov
James Bond Switch,https://aspirezoneqa.sharepoint.com/sites/Rehabilitation-ExerciseVideos/Shared Documents/Exercise and assessment video library/Exercises/Lower Body/Rectus Femoris/Rec Fem Videos/Rec Fem Videos/Running/Biomechanics/Static/James Bond Switch.mov
Later Drop Jump lower box,https://aspirezoneqa.sharepoint.com/sites/Rehabilitation-ExerciseVideos/Shared Documents/Exercise and assessment video library/Exercises/Lower Body/Rectus Femoris/Rec Fem Videos/Rec Fem Videos/Running/Biomechanics/Static/Later Drop Jump lower box.mov
Lateral Drop Jump,https://aspirezoneqa.sharepoint.com/sites/Rehabilitation-ExerciseVideos/Shared Documents/Exercise and assessment video library/Exercises/Lower Body/Rectus Femoris/Rec Fem Videos/Rec Fem Videos/Running/Biomechanics/Static/Lateral Drop Jump.mov
Lateral Shuffle,https://aspirezoneqa.sharepoint.com/sites/Rehabilitation-ExerciseVideos/Shared Documents/Exercise and assessment video library/Exercises/Lower Body/Rectus Femoris/Rec Fem Videos/Rec Fem Videos/Running/Biomechanics/Static/Lateral Shuffle.mov
Lateral Shuffle dowel Overhead,https://aspirezoneqa.sharepoint.com/sites/Rehabilitation-ExerciseVideos/Shared Documents/Exercise and assessment video library/Exercises/Lower Body/Rectus Femoris/Rec Fem Videos/Rec Fem Videos/Running/Biomechanics/Static/Lateral Shuffle dowel Overhead.mov
Resisted Lateral Push Dowel Overhead,https://aspirezoneqa.sharepoint.com/sites/Rehabilitation-ExerciseVideos/Shared Documents/Exercise and assessment video library/Exercises/Lower Body/Rectus Femoris/Rec Fem Videos/Rec Fem Videos/Running/Biomechanics/Static/Resisted Lateral Push Dowel Overhead.mov
Resisted Accel to Box,https://aspirezoneqa.sharepoint.com/sites/Rehabilitation-ExerciseVideos/Shared Documents/Exercise and assessment video library/Exercises/Lower Body/Rectus Femoris/Rec Fem Videos/Rec Fem Videos/Running/Biomechanics/Static/Resisted Accel to Box.mov
Resisted Lateral Push,https://aspirezoneqa.sharepoint.com/sites/Rehabilitation-ExerciseVideos/Shared Documents/Exercise and assessment video library/Exercises/Lower Body/Rectus Femoris/Rec Fem Videos/Rec Fem Videos/Running/Biomechanics/Static/Resisted Lateral Push.mov
SL RDL to Box,https://aspirezoneqa.sharepoint.com/sites/Rehabilitation-ExerciseVideos/Shared Documents/Exercise and assessment video library/Exercises/Lower Body/Rectus Femoris/Rec Fem Videos/Rec Fem Videos/Running/Biomechanics/Static/SL RDL to Box.mov
Split Squat toe taps repeated,https://aspirezoneqa.sharepoint.com/sites/Rehabilitation-ExerciseVideos/Shared Documents/Exercise and assessment video library/Exercises/Lower Body/Rectus Femoris/Rec Fem Videos/Rec Fem Videos/Running/Biomechanics/Static/Split Squat toe taps repeated.mov
Split Squat toe taps,https://aspirezoneqa.sharepoint.com/sites/Rehabilitation-ExerciseVideos/Shared Documents/Exercise and assessment video library/Exercises/Lower Body/Rectus Femoris/Rec Fem Videos/Rec Fem Videos/Running/Biomechanics/Static/Split Squat toe taps.mov
Wall Drill Switch Swissball,https://aspirezoneqa.sharepoint.com/sites/Rehabilitation-ExerciseVideos/Shared Documents/Exercise and assessment video library/Exercises/Lower Body/Rectus Femoris/Rec Fem Videos/Rec Fem Videos/Running/Biomechanics/Static/Wall Drill Switch Swissball.mov
Waterbag shuffle,https://aspirezoneqa.sharepoint.com/sites/Rehabilitation-ExerciseVideos/Shared Documents/Exercise and assessment video library/Exercises/Lower Body/Rectus Femoris/Rec Fem Videos/Rec Fem Videos/Running/Biomechanics/Static/Waterbag shuffle.mov
Wall Drill Switch Banded,https://aspirezoneqa.sharepoint.com/sites/Rehabilitation-ExerciseVideos/Shared Documents/Exercise and assessment video library/Exercises/Lower Body/Rectus Femoris/Rec Fem Videos/Rec Fem Videos/Running/Biomechanics/Static/Wall Drill Switch Banded.mov
Rec Fem Split Squat Reduced Range.13292.22476,https://aspirezoneqa.sharepoint.com/sites/Rehabilitation-ExerciseVideos/Shared Documents/Exercise and assessment video library/Exercises/Lower Body/Rectus Femoris/Converted videos MP4/Rectus Femoris/Strength-Rec fem/Rec Fem Split Squat Reduced Range.13292.22476.m4v
Straigh knee hip flexion Isometric Progression_1,https://aspirezoneqa.sharepoint.com/sites/Rehabilitation-ExerciseVideos/Shared Documents/Exercise and assessment video library/Exercises/Lower Body/Rectus Femoris/Converted videos MP4/Rectus Femoris/Strength-Rec fem/Straigh knee hip flexion Isometric Progression_1.mp4
Hip Hitch-,https://aspirezoneqa.sharepoint.com/sites/Rehabilitation-ExerciseVideos/Shared Documents/Exercise and assessment video library/Exercises/Lower Body/Rectus Femoris/Converted videos MP4/Rectus Femoris/Motor Control/Hip Hitch-.mp4
Relaxed Lengthening  Prone active knee flexion-,https://aspirezoneqa.sharepoint.com/sites/Rehabilitation-ExerciseVideos/Shared Documents/Exercise and assessment video library/Exercises/Lower Body/Rectus Femoris/Converted videos MP4/Rectus Femoris/Early Loading Other Rec Fem/Relaxed Lengthening  Prone active knee flexion-.mp4
SLR ISO Inner range  EMG-,https://aspirezoneqa.sharepoint.com/sites/Rehabilitation-ExerciseVideos/Shared Documents/Exercise and assessment video library/Exercises/Lower Body/Rectus Femoris/Converted videos MP4/Rectus Femoris/Early Loading Other Rec Fem/SLR ISO Inner range  EMG-.mp4
Indoor short pass with lateral-,https://aspirezoneqa.sharepoint.com/sites/Rehabilitation-ExerciseVideos/Shared Documents/Exercise and assessment video library/Exercises/Lower Body/Rectus Femoris/Converted videos MP4/Rectus Femoris/Kicking sport specific/Indoor short pass with lateral-.mp4
Knee Extension Iso 40 60 front-,https://aspirezoneqa.sharepoint.com/sites/Rehabilitation-ExerciseVideos/Shared Documents/Exercise and assessment video library/Assessments/Rectus Femoris/Clinical Testing1/Knee Extension Iso 40 60 front-.mp4
13.PCL - Posterior Sag Sign,https://aspirezoneqa.sharepoint.com/sites/Rehabilitation-ExerciseVideos/Shared Documents/Exercise and assessment video library/Assessments/Knee/13.PCL - Posterior Sag Sign.mp4
11.PCL – Posterior Drawer Test,https://aspirezoneqa.sharepoint.com/sites/Rehabilitation-ExerciseVideos/Shared Documents/Exercise and assessment video library/Assessments/Knee/11.PCL – Posterior Drawer Test.mp4
10.Anterior Drawer,https://aspirezoneqa.sharepoint.com/sites/Rehabilitation-ExerciseVideos/Shared Documents/Exercise and assessment video library/Assessments/Knee/10.Anterior Drawer.mp4
9.Lachman Test,https://aspirezoneqa.sharepoint.com/sites/Rehabilitation-ExerciseVideos/Shared Documents/Exercise and assessment video library/Assessments/Knee/9.Lachman Test.mp4
8.McMurrays Test,https://aspirezoneqa.sharepoint.com/sites/Rehabilitation-ExerciseVideos/Shared Documents/Exercise and assessment video library/Assessments/Knee/8.McMurrays Test.mp4
7.ROM Overpressure,https://aspirezoneqa.sharepoint.com/sites/Rehabilitation-ExerciseVideos/Shared Documents/Exercise and assessment video library/Assessments/Knee/7.ROM Overpressure.mp4
6.ROM Assessment – Flexion,https://aspirezoneqa.sharepoint.com/sites/Rehabilitation-ExerciseVideos/Shared Documents/Exercise and assessment video library/Assessments/Knee/6.ROM Assessment – Flexion.mp4
5.MCL Valgus Stress Test,https://aspirezoneqa.sharepoint.com/sites/Rehabilitation-ExerciseVideos/Shared Documents/Exercise and assessment video library/Assessments/Knee/5.MCL Valgus Stress Test.mp4
4.ROM Assessment – Extension (Goniometer),https://aspirezoneqa.sharepoint.com/sites/Rehabilitation-ExerciseVideos/Shared Documents/Exercise and assessment video library/Assessments/Knee/4.ROM Assessment – Extension (Goniometer).mp4
3.ROM Assessment – Extension (Inclinometer),https://aspirezoneqa.sharepoint.com/sites/Rehabilitation-ExerciseVideos/Shared Documents/Exercise and assessment video library/Assessments/Knee/3.ROM Assessment – Extension (Inclinometer).mp4
2.Patellar Tap Test,https://aspirezoneqa.sharepoint.com/sites/Rehabilitation-ExerciseVideos/Shared Documents/Exercise and assessment video library/Assessments/Knee/2.Patellar Tap Test.mp4
1.Swipe Test,https://aspirezoneqa.sharepoint.com/sites/Rehabilitation-ExerciseVideos/Shared Documents/Exercise and assessment video library/Assessments/Knee/1.Swipe Test.mp4
28.LCL Varus Stress Test,https://aspirezoneqa.sharepoint.com/sites/Rehabilitation-ExerciseVideos/Shared Documents/Exercise and assessment video library/Assessments/Knee/28.LCL Varus Stress Test.mp4
16.Pivot Shift Test,https://aspirezoneqa.sharepoint.com/sites/Rehabilitation-ExerciseVideos/Shared Documents/Exercise and assessment video library/Assessments/Knee/16.Pivot Shift Test.mp4
15.PFJ – Apprehension Test,https://aspirezoneqa.sharepoint.com/sites/Rehabilitation-ExerciseVideos/Shared Documents/Exercise and assessment video library/Assessments/Knee/15.PFJ – Apprehension Test.mp4
14.Extension Lag,https://aspirezoneqa.sharepoint.com/sites/Rehabilitation-ExerciseVideos/Shared Documents/Exercise and assessment video library/Assessments/Knee/14.Extension Lag.mp4
12.Joint Line Tenderness,https://aspirezoneqa.sharepoint.com/sites/Rehabilitation-ExerciseVideos/Shared Documents/Exercise and assessment video library/Assessments/Knee/12.Joint Line Tenderness.mp4
4 point shoulder taps,https://aspirezoneqa.sharepoint.com/sites/Rehabilitation-ExerciseVideos/Shared Documents/Exercise and assessment video library/Exercises/Upper Body/Shoulder/4 point shoulder taps.mp4
4 point scapular slides,https://aspirezoneqa.sharepoint.com/sites/Rehabilitation-ExerciseVideos/Shared Documents/Exercise and assessment video library/Exercises/Upper Body/Shoulder/4 point scapular slides.mp4
Active assisted supine flexion,https://aspirezoneqa.sharepoint.com/sites/Rehabilitation-ExerciseVideos/Shared Documents/Exercise and assessment video library/Exercises/Upper Body/Shoulder/Active assisted supine flexion.mp4
90-90 ER with Reverse Lunge,https://aspirezoneqa.sharepoint.com/sites/Rehabilitation-ExerciseVideos/Shared Documents/Exercise and assessment video library/Exercises/Upper Body/Shoulder/90-90 ER with Reverse Lunge.mp4
ABER Ball rebounds,https://aspirezoneqa.sharepoint.com/sites/Rehabilitation-ExerciseVideos/Shared Documents/Exercise and assessment video library/Exercises/Upper Body/Shoulder/ABER Ball rebounds.mp4
1 Crutch up and down stairs,https://aspirezoneqa.sharepoint.com/sites/Rehabilitation-ExerciseVideos/Shared Documents/Exercise and assessment video library/Exercises/Lower Body/Knee/1 Crutch up and down stairs.mp4
2 Crutches up and down stairs,https://aspirezoneqa.sharepoint.com/sites/Rehabilitation-ExerciseVideos/Shared Documents/Exercise and assessment video library/Exercises/Lower Body/Knee/2 Crutches up and down stairs.mp4
180 deg MB Wall throw,https://aspirezoneqa.sharepoint.com/sites/Rehabilitation-ExerciseVideos/Shared Documents/Exercise and assessment video library/Exercises/Lower Body/Knee/180 deg MB Wall throw.mp4
3sec Eccentric Push Ups,https://aspirezoneqa.sharepoint.com/sites/Rehabilitation-ExerciseVideos/Shared Documents/Exercise and assessment video library/Exercises/Upper Body/Shoulder/3sec Eccentric Push Ups.mp4
90-90 Reverse catch plyometric,https://aspirezoneqa.sharepoint.com/sites/Rehabilitation-ExerciseVideos/Shared Documents/Exercise and assessment video library/Exercises/Upper Body/Shoulder/90-90 Reverse catch plyometric.mp4
4.12 Frog Horizontal forward jump,https://aspirezoneqa.sharepoint.com/sites/Rehabilitation-ExerciseVideos/Shared Documents/Exercise and assessment video library/Exercises/Unclassified/Exercise Videos from VCP/4.12 Frog Horizontal forward jump.mp4
AB Wheel,https://aspirezoneqa.sharepoint.com/sites/Rehabilitation-ExerciseVideos/Shared Documents/Exercise and assessment video library/Exercises/Unclassified/Exercise Videos from VCP/AB Wheel.mp4
Abduction standing Multi Hip,https://aspirezoneqa.sharepoint.com/sites/Rehabilitation-ExerciseVideos/Shared Documents/Exercise and assessment video library/Exercises/Unclassified/Exercise Videos from VCP/Abduction standing Multi Hip.mp4
Abdominal windsheild wipers,https://aspirezoneqa.sharepoint.com/sites/Rehabilitation-ExerciseVideos/Shared Documents/Exercise and assessment video library/Exercises/Unclassified/Exercise Videos from VCP/Abdominal windsheild wipers.mp4
Abduction standing,https://aspirezoneqa.sharepoint.com/sites/Rehabilitation-ExerciseVideos/Shared Documents/Exercise and assessment video library/Exercises/Unclassified/Exercise Videos from VCP/Abduction standing.mp4
Active assisted shoulder abduction roller table,https://aspirezoneqa.sharepoint.com/sites/Rehabilitation-ExerciseVideos/Shared Documents/Exercise and assessment video library/Exercises/Upper Body/Shoulder/Active assisted shoulder abduction roller table.mp4
Active assisted shoulder flexion slider on leg in sitting,https://aspirezoneqa.sharepoint.com/sites/Rehabilitation-ExerciseVideos/Shared Documents/Exercise and assessment video library/Exercises/Upper Body/Shoulder/Active assisted shoulder flexion slider on leg in sitting.mp4
Addcution bridge side plank long lever,https://aspirezoneqa.sharepoint.com/sites/Rehabilitation-ExerciseVideos/Shared Documents/Exercise and assessment video library/Exercises/Unclassified/Exercise Videos from VCP/Addcution bridge side plank long lever.mp4
Adductor bridge side plank long lever,https://aspirezoneqa.sharepoint.com/sites/Rehabilitation-ExerciseVideos/Shared Documents/Exercise and assessment video library/Exercises/Unclassified/Exercise Videos from VCP/Adductor bridge side plank long lever.mp4
Alter -G Running,https://aspirezoneqa.sharepoint.com/sites/Rehabilitation-ExerciseVideos/Shared Documents/Exercise and assessment video library/Exercises/Lower Body/Running/Alter -G Running.mp4
Alternate leg pogos,https://aspirezoneqa.sharepoint.com/sites/Rehabilitation-ExerciseVideos/Shared Documents/Exercise and assessment video library/Exercises/Unclassified/Exercise Videos from VCP/Alternate leg pogos.mp4
Alternate Pogos db,https://aspirezoneqa.sharepoint.com/sites/Rehabilitation-ExerciseVideos/Shared Documents/Exercise and assessment video library/Exercises/Unclassified/Exercise Videos from VCP/Alternate Pogos db.mp4
Alternate pogos vertimax,https://aspirezoneqa.sharepoint.com/sites/Rehabilitation-ExerciseVideos/Shared Documents/Exercise and assessment video library/Exercises/Unclassified/Exercise Videos from VCP/Alternate pogos vertimax.mp4
Alternating Superman,https://aspirezoneqa.sharepoint.com/sites/Rehabilitation-ExerciseVideos/Shared Documents/Exercise and assessment video library/Exercises/Upper Body/Shoulder/Alternating Superman.mp4
Ankle dorsiflexion with elastic in knee flexion,https://aspirezoneqa.sharepoint.com/sites/Rehabilitation-ExerciseVideos/Shared Documents/Exercise and assessment video library/Exercises/Unclassified/Exercise Videos from VCP/Ankle dorsiflexion with elastic in knee flexion.mp4
Ankle dorsiflextion with elastic in knee extension,https://aspirezoneqa.sharepoint.com/sites/Rehabilitation-ExerciseVideos/Shared Documents/Exercise and assessment video library/Exercises/Unclassified/Exercise Videos from VCP/Ankle dorsiflextion with elastic in knee extension.mp4
Ankle plantarflexion with elastic,https://aspirezoneqa.sharepoint.com/sites/Rehabilitation-ExerciseVideos/Shared Documents/Exercise and assessment video library/Exercises/Unclassified/Exercise Videos from VCP/Ankle plantarflexion with elastic.mp4
Ankle pumps with elevated leg,https://aspirezoneqa.sharepoint.com/sites/Rehabilitation-ExerciseVideos/Shared Documents/Exercise and assessment video library/Exercises/Unclassified/Exercise Videos from VCP/Ankle pumps with elevated leg.mp4
Ankle pumps,https://aspirezoneqa.sharepoint.com/sites/Rehabilitation-ExerciseVideos/Shared Documents/Exercise and assessment video library/Exercises/Unclassified/Exercise Videos from VCP/Ankle pumps.mp4
Arm circle,https://aspirezoneqa.sharepoint.com/sites/Rehabilitation-ExerciseVideos/Shared Documents/Exercise and assessment video library/Exercises/Upper Body/Shoulder/Arm circle.mp4
ARM HUG,https://aspirezoneqa.sharepoint.com/sites/Rehabilitation-ExerciseVideos/Shared Documents/Exercise and assessment video library/Exercises/Upper Body/Shoulder/ARM HUG.mp4
Arnold press,https://aspirezoneqa.sharepoint.com/sites/Rehabilitation-ExerciseVideos/Shared Documents/Exercise and assessment video library/Exercises/Upper Body/Shoulder/Arnold press.mp4
Assault bike only hand,https://aspirezoneqa.sharepoint.com/sites/Rehabilitation-ExerciseVideos/Shared Documents/Exercise and assessment video library/Exercises/Upper Body/Shoulder/Assault bike only hand.mp4
Assault bike,https://aspirezoneqa.sharepoint.com/sites/Rehabilitation-ExerciseVideos/Shared Documents/Exercise and assessment video library/Exercises/Unclassified/Exercise Videos from VCP/Assault bike.mp4
Assisted shoulder flexion using pulley,https://aspirezoneqa.sharepoint.com/sites/Rehabilitation-ExerciseVideos/Shared Documents/Exercise and assessment video library/Exercises/Upper Body/Shoulder/Assisted shoulder flexion using pulley.mp4
Asymmetrical skipping,https://aspirezoneqa.sharepoint.com/sites/Rehabilitation-ExerciseVideos/Shared Documents/Exercise and assessment video library/Exercises/Unclassified/Exercise Videos from VCP/Asymmetrical skipping.mp4
B Skip,https://aspirezoneqa.sharepoint.com/sites/Rehabilitation-ExerciseVideos/Shared Documents/Exercise and assessment video library/Exercises/Lower Body/Running/B SKIP.mp4
Backward alternate Shuffle,https://aspirezoneqa.sharepoint.com/sites/Rehabilitation-ExerciseVideos/Shared Documents/Exercise and assessment video library/Exercises/Unclassified/Exercise Videos from VCP/Backward alternate Shuffle.mp4
Blackboard kneeling forefoot Dissociation,https://aspirezoneqa.sharepoint.com/sites/Rehabilitation-ExerciseVideos/Shared Documents/Exercise and assessment video library/Exercises/Unclassified/Exercise Videos from VCP/Blackboard kneeling forefoot Dissociation.mp4
Back squat,https://aspirezoneqa.sharepoint.com/sites/Rehabilitation-ExerciseVideos/Shared Documents/Exercise and assessment video library/Exercises/Unclassified/Exercise Videos from VCP/Back squat.mp4
Backward shuffle,https://aspirezoneqa.sharepoint.com/sites/Rehabilitation-ExerciseVideos/Shared Documents/Exercise and assessment video library/Exercises/Unclassified/Exercise Videos from VCP/Backward shuffle.mp4
Ball squeeze supine bent knees 45 degress,https://aspirezoneqa.sharepoint.com/sites/Rehabilitation-ExerciseVideos/Shared Documents/Exercise and assessment video library/Exercises/Unclassified/Exercise Videos from VCP/Ball squeeze supine bent knees 45 degress.mp4
Ball squeeze supine straight legs 0 degrees,https://aspirezoneqa.sharepoint.com/sites/Rehabilitation-ExerciseVideos/Shared Documents/Exercise and assessment video library/Exercises/Unclassified/Exercise Videos from VCP/Ball squeeze supine straight legs 0 degrees.mp4
Ball squeeze with sit up,https://aspirezoneqa.sharepoint.com/sites/Rehabilitation-ExerciseVideos/Shared Documents/Exercise and assessment video library/Exercises/Unclassified/Exercise Videos from VCP/Ball squeeze with sit up.mp4
Ball squeeze with abdominal crunch,https://aspirezoneqa.sharepoint.com/sites/Rehabilitation-ExerciseVideos/Shared Documents/Exercise and assessment video library/Exercises/Unclassified/Exercise Videos from VCP/Ball squeeze with abdominal crunch.mp4
Band hamstring catch,https://aspirezoneqa.sharepoint.com/sites/Rehabilitation-ExerciseVideos/Shared Documents/Exercise and assessment video library/Exercises/Unclassified/Exercise Videos from VCP/Band hamstring catch.mp4
Banded christina,https://aspirezoneqa.sharepoint.com/sites/Rehabilitation-ExerciseVideos/Shared Documents/Exercise and assessment video library/Exercises/Unclassified/Exercise Videos from VCP/Banded christina.mp4
Banded Eversion in Bed,https://aspirezoneqa.sharepoint.com/sites/Rehabilitation-ExerciseVideos/Shared Documents/Exercise and assessment video library/Exercises/Unclassified/Exercise Videos from VCP/Banded Eversion in Bed.mp4
Banded eversion NWB,https://aspirezoneqa.sharepoint.com/sites/Rehabilitation-ExerciseVideos/Shared Documents/Exercise and assessment video library/Exercises/Unclassified/Exercise Videos from VCP/Banded eversion NWB.mp4
Banded eversion,https://aspirezoneqa.sharepoint.com/sites/Rehabilitation-ExerciseVideos/Shared Documents/Exercise and assessment video library/Exercises/Unclassified/Exercise Videos from VCP/Banded eversion.mp4
Banded FHL,https://aspirezoneqa.sharepoint.com/sites/Rehabilitation-ExerciseVideos/Shared Documents/Exercise and assessment video library/Exercises/Unclassified/Exercise Videos from VCP/Banded FHL.mp4
Banded hip rotation in Lunge Position,https://aspirezoneqa.sharepoint.com/sites/Rehabilitation-ExerciseVideos/Shared Documents/Exercise and assessment video library/Exercises/Unclassified/Exercise Videos from VCP/Banded hip rotation in Lunge Position.mp4
Banded lateral cross over,https://aspirezoneqa.sharepoint.com/sites/Rehabilitation-ExerciseVideos/Shared Documents/Exercise and assessment video library/Exercises/Unclassified/Exercise Videos from VCP/Banded lateral cross over.mp4
Banded inversion NWB,https://aspirezoneqa.sharepoint.com/sites/Rehabilitation-ExerciseVideos/Shared Documents/Exercise and assessment video library/Exercises/Unclassified/Exercise Videos from VCP/Banded inversion NWB.mp4
Banded lateral Push off,https://aspirezoneqa.sharepoint.com/sites/Rehabilitation-ExerciseVideos/Shared Documents/Exercise and assessment video library/Exercises/Unclassified/Exercise Videos from VCP/Banded lateral Push off.mp4
Banded lateral shuffle,https://aspirezoneqa.sharepoint.com/sites/Rehabilitation-ExerciseVideos/Shared Documents/Exercise and assessment video library/Exercises/Unclassified/Exercise Videos from VCP/Banded lateral shuffle.mp4
Banded rotation in Squat position,https://aspirezoneqa.sharepoint.com/sites/Rehabilitation-ExerciseVideos/Shared Documents/Exercise and assessment video library/Exercises/Unclassified/Exercise Videos from VCP/Banded rotation in Squat position.mp4
Banded side walking,https://aspirezoneqa.sharepoint.com/sites/Rehabilitation-ExerciseVideos/Shared Documents/Exercise and assessment video library/Exercises/Unclassified/Exercise Videos from VCP/Banded side walking.mp4
Banded Lunge to Bench,https://aspirezoneqa.sharepoint.com/sites/Rehabilitation-ExerciseVideos/Shared Documents/Exercise and assessment video library/Exercises/Unclassified/Exercise Videos from VCP/Banded Lunge to Bench.mp4
Barbell paddling with elevated legs,https://aspirezoneqa.sharepoint.com/sites/Rehabilitation-ExerciseVideos/Shared Documents/Exercise and assessment video library/Exercises/Upper Body/Shoulder/Barbell paddling with elevated legs.mp4
Barbell paddling,https://aspirezoneqa.sharepoint.com/sites/Rehabilitation-ExerciseVideos/Shared Documents/Exercise and assessment video library/Exercises/Upper Body/Shoulder/Barbell paddling.mp4
Banded SLR,https://aspirezoneqa.sharepoint.com/sites/Rehabilitation-ExerciseVideos/Shared Documents/Exercise and assessment video library/Exercises/Unclassified/Exercise Videos from VCP/Banded SLR.mp4
Barbell Shoulder press,https://aspirezoneqa.sharepoint.com/sites/Rehabilitation-ExerciseVideos/Shared Documents/Exercise and assessment video library/Exercises/Upper Body/Shoulder/Barbell Shoulder press.mp4
Barbell upright row,https://aspirezoneqa.sharepoint.com/sites/Rehabilitation-ExerciseVideos/Shared Documents/Exercise and assessment video library/Exercises/Upper Body/Shoulder/Barbell upright row.mp4
Backward Jogging,https://aspirezoneqa.sharepoint.com/sites/Rehabilitation-ExerciseVideos/Shared Documents/Exercise and assessment video library/Exercises/Upper Body/Shoulder/Backward Jogging.mp4
BFR Bike,https://aspirezoneqa.sharepoint.com/sites/Rehabilitation-ExerciseVideos/Shared Documents/Exercise and assessment video library/Exercises/Unclassified/Exercise Videos from VCP/BFR Bike.mp4
BFR Eliptical,https://aspirezoneqa.sharepoint.com/sites/Rehabilitation-ExerciseVideos/Shared Documents/Exercise and assessment video library/Exercises/Unclassified/Exercise Videos from VCP/BFR Eliptical.mp4
BFR OKC Hamstring,https://aspirezoneqa.sharepoint.com/sites/Rehabilitation-ExerciseVideos/Shared Documents/Exercise and assessment video library/Exercises/Unclassified/Exercise Videos from VCP/BFR OKC Hamstring.mp4
BFR OKC Leg extension,https://aspirezoneqa.sharepoint.com/sites/Rehabilitation-ExerciseVideos/Shared Documents/Exercise and assessment video library/Exercises/Unclassified/Exercise Videos from VCP/BFR OKC Leg extension.mp4
BFR Treadmill,https://aspirezoneqa.sharepoint.com/sites/Rehabilitation-ExerciseVideos/Shared Documents/Exercise and assessment video library/Exercises/Unclassified/Exercise Videos from VCP/BFR Treadmill.mp4
Biceps drag curl and shoulder flexion,https://aspirezoneqa.sharepoint.com/sites/Rehabilitation-ExerciseVideos/Shared Documents/Exercise and assessment video library/Exercises/Unclassified/Exercise Videos from VCP/Biceps drag curl and shoulder flexion.mp4
Biceps drag curl,https://aspirezoneqa.sharepoint.com/sites/Rehabilitation-ExerciseVideos/Shared Documents/Exercise and assessment video library/Exercises/Upper Body/Elbow/Biceps drag curl.mp4
Bilateral balance on soft surface,https://aspirezoneqa.sharepoint.com/sites/Rehabilitation-ExerciseVideos/Shared Documents/Exercise and assessment video library/Exercises/Unclassified/Exercise Videos from VCP/Bilateral balance on soft surface.mp4
Bilateral bridge alternating kicks,https://aspirezoneqa.sharepoint.com/sites/Rehabilitation-ExerciseVideos/Shared Documents/Exercise and assessment video library/Exercises/Unclassified/Exercise Videos from VCP/Bilateral bridge alternating kicks.mp4
Bilateral bridge on Ball,https://aspirezoneqa.sharepoint.com/sites/Rehabilitation-ExerciseVideos/Shared Documents/Exercise and assessment video library/Exercises/Unclassified/Exercise Videos from VCP/Bilateral bridge on Ball.mp4
BB RDL,https://aspirezoneqa.sharepoint.com/sites/Rehabilitation-ExerciseVideos/Shared Documents/Exercise and assessment video library/Exercises/Unclassified/Exercise Videos from VCP/BB RDL.mp4
Bilateral bridge on box squeezing ball,https://aspirezoneqa.sharepoint.com/sites/Rehabilitation-ExerciseVideos/Shared Documents/Exercise and assessment video library/Exercises/Unclassified/Exercise Videos from VCP/Bilateral bridge on box squeezing ball.mp4
Bilateral bridge on soft surface,https://aspirezoneqa.sharepoint.com/sites/Rehabilitation-ExerciseVideos/Shared Documents/Exercise and assessment video library/Exercises/Unclassified/Exercise Videos from VCP/Bilateral bridge on soft surface.mp4
Bilateral bridge squeezing ball,https://aspirezoneqa.sharepoint.com/sites/Rehabilitation-ExerciseVideos/Shared Documents/Exercise and assessment video library/Exercises/Unclassified/Exercise Videos from VCP/Bilateral bridge squeezing ball.mp4
Bilateral hamstring curl slide in bridge position,https://aspirezoneqa.sharepoint.com/sites/Rehabilitation-ExerciseVideos/Shared Documents/Exercise and assessment video library/Exercises/Unclassified/Exercise Videos from VCP/Bilateral hamstring curl slide in bridge position.mp4
Bilateral heel raises on floor with weights,https://aspirezoneqa.sharepoint.com/sites/Rehabilitation-ExerciseVideos/Shared Documents/Exercise and assessment video library/Exercises/Unclassified/Exercise Videos from VCP/Bilateral heel raises on floor with weights.mp4
Bilateral heel raises on floor with wide squat,https://aspirezoneqa.sharepoint.com/sites/Rehabilitation-ExerciseVideos/Shared Documents/Exercise and assessment video library/Exercises/Unclassified/Exercise Videos from VCP/Bilateral heel raises on floor with wide squat.mp4
Bilateral heel raises on floor,https://aspirezoneqa.sharepoint.com/sites/Rehabilitation-ExerciseVideos/Shared Documents/Exercise and assessment video library/Exercises/Unclassified/Exercise Videos from VCP/Bilateral heel raises on floor.mp4
Bilateral jump and land on sopft surface,https://aspirezoneqa.sharepoint.com/sites/Rehabilitation-ExerciseVideos/Shared Documents/Exercise and assessment video library/Exercises/Unclassified/Exercise Videos from VCP/Bilateral jump and land on sopft surface.mp4
Bilateral jump with band over knees,https://aspirezoneqa.sharepoint.com/sites/Rehabilitation-ExerciseVideos/Shared Documents/Exercise and assessment video library/Exercises/Unclassified/Exercise Videos from VCP/Bilateral jump with band over knees.mp4
Bilateral to single leg counter movement jump,https://aspirezoneqa.sharepoint.com/sites/Rehabilitation-ExerciseVideos/Shared Documents/Exercise and assessment video library/Exercises/Unclassified/Exercise Videos from VCP/Bilateral to single leg counter movement jump.mp4
Box push up,https://aspirezoneqa.sharepoint.com/sites/Rehabilitation-ExerciseVideos/Shared Documents/Exercise and assessment video library/Exercises/Unclassified/Exercise Videos from VCP/Box push up.mp4
BIODEX BALANCE,https://aspirezoneqa.sharepoint.com/sites/Rehabilitation-ExerciseVideos/Shared Documents/Exercise and assessment video library/Exercises/Unclassified/Exercise Videos from VCP/BIODEX BALANCE.mp4
Banded Eversion In Bed 2,https://aspirezoneqa.sharepoint.com/sites/Rehabilitation-ExerciseVideos/Shared Documents/Exercise and assessment video library/Exercises/Unclassified/Exercise Videos from VCP/Banded Eversion In Bed 2.mp4
Bridge bilateral with elastic around knees,https://aspirezoneqa.sharepoint.com/sites/Rehabilitation-ExerciseVideos/Shared Documents/Exercise and assessment video library/Exercises/Unclassified/Exercise Videos from VCP/Bridge bilateral with elastic around knees.mp4
Bridge walk out,https://aspirezoneqa.sharepoint.com/sites/Rehabilitation-ExerciseVideos/Shared Documents/Exercise and assessment video library/Exercises/Unclassified/Exercise Videos from VCP/Bridge walk out.mp4
Bulgarian split squat jumps,https://aspirezoneqa.sharepoint.com/sites/Rehabilitation-ExerciseVideos/Shared Documents/Exercise and assessment video library/Exercises/Unclassified/Exercise Videos from VCP/Bulgarian split squat jumps.mp4
BW DL Squat Jump From seat,https://aspirezoneqa.sharepoint.com/sites/Rehabilitation-ExerciseVideos/Shared Documents/Exercise and assessment video library/Exercises/Unclassified/Exercise Videos from VCP/BW DL Squat Jump From seat.mp4
Bulgarian Split Squat,https://aspirezoneqa.sharepoint.com/sites/Rehabilitation-ExerciseVideos/Shared Documents/Exercise and assessment video library/Exercises/Unclassified/Exercise Videos from VCP/Bulgarian split squat.mp4
BW SL CMJ,https://aspirezoneqa.sharepoint.com/sites/Rehabilitation-ExerciseVideos/Shared Documents/Exercise and assessment video library/Exercises/Unclassified/Exercise Videos from VCP/BW SL CMJ.mp4
BW SL Squat jump from seat,https://aspirezoneqa.sharepoint.com/sites/Rehabilitation-ExerciseVideos/Shared Documents/Exercise and assessment video library/Exercises/Unclassified/Exercise Videos from VCP/BW SL Squat jump from seat.mp4
Cable facepulls,https://aspirezoneqa.sharepoint.com/sites/Rehabilitation-ExerciseVideos/Shared Documents/Exercise and assessment video library/Exercises/Upper Body/Shoulder/Cable facepulls.mp4
Calf press Machine,https://aspirezoneqa.sharepoint.com/sites/Rehabilitation-ExerciseVideos/Shared Documents/Exercise and assessment video library/Exercises/Unclassified/Exercise Videos from VCP/Calf press Machine.mp4
Cable chest fly's,https://aspirezoneqa.sharepoint.com/sites/Rehabilitation-ExerciseVideos/Shared Documents/Exercise and assessment video library/Exercises/Upper Body/Shoulder/Cable chest fly's.mp4
Calf stretch,https://aspirezoneqa.sharepoint.com/sites/Rehabilitation-ExerciseVideos/Shared Documents/Exercise and assessment video library/Exercises/Unclassified/Exercise Videos from VCP/Calf stretch.mp4
Camera Crew Hip Twist,https://aspirezoneqa.sharepoint.com/sites/Rehabilitation-ExerciseVideos/Shared Documents/Exercise and assessment video library/Exercises/Unclassified/Exercise Videos from VCP/Camera Crew Hip Twist.mp4
Cat camel stretch,https://aspirezoneqa.sharepoint.com/sites/Rehabilitation-ExerciseVideos/Shared Documents/Exercise and assessment video library/Exercises/Unclassified/Exercise Videos from VCP/Cat camel stretch.mp4
Cervical and thoracic extension and rotation in sitting,https://aspirezoneqa.sharepoint.com/sites/Rehabilitation-ExerciseVideos/Shared Documents/Exercise and assessment video library/Exercises/Unclassified/Exercise Videos from VCP/Cervical and thoracic extension and rotation in sitting.mp4
Cervical and thoracic extension in sitting,https://aspirezoneqa.sharepoint.com/sites/Rehabilitation-ExerciseVideos/Shared Documents/Exercise and assessment video library/Exercises/Unclassified/Exercise Videos from VCP/Cervical and thoracic extension in sitting.mp4
Chest press,https://aspirezoneqa.sharepoint.com/sites/Rehabilitation-ExerciseVideos/Shared Documents/Exercise and assessment video library/Exercises/Upper Body/Shoulder/Chest press.mp4
Chest stretch,https://aspirezoneqa.sharepoint.com/sites/Rehabilitation-ExerciseVideos/Shared Documents/Exercise and assessment video library/Exercises/Unclassified/Exercise Videos from VCP/Chest stretch.mp4
Cervical spine active range of motion in sitting,https://aspirezoneqa.sharepoint.com/sites/Rehabilitation-ExerciseVideos/Shared Documents/Exercise and assessment video library/Exercises/Spine-Trunk/Cervical/Cervical spine active range of motion in sitting.mp4
Chipping ball instep against wall,https://aspirezoneqa.sharepoint.com/sites/Rehabilitation-ExerciseVideos/Shared Documents/Exercise and assessment video library/Exercises/Unclassified/Exercise Videos from VCP/Chipping ball instep against wall.mp4
Clams( Back to The wall),https://aspirezoneqa.sharepoint.com/sites/Rehabilitation-ExerciseVideos/Shared Documents/Exercise and assessment video library/Exercises/Unclassified/Exercise Videos from VCP/Clams( Back to The wall).mp4
Cobra,https://aspirezoneqa.sharepoint.com/sites/Rehabilitation-ExerciseVideos/Shared Documents/Exercise and assessment video library/Exercises/Unclassified/Exercise Videos from VCP/Cobra.mp4
Compex HS,https://aspirezoneqa.sharepoint.com/sites/Rehabilitation-ExerciseVideos/Shared Documents/Exercise and assessment video library/Exercises/Unclassified/Exercise Videos from VCP/Compex HS.mp4
Compex quadriceps,https://aspirezoneqa.sharepoint.com/sites/Rehabilitation-ExerciseVideos/Shared Documents/Exercise and assessment video library/Exercises/Unclassified/Exercise Videos from VCP/Compex quadriceps.mp4
Cone Hop and Lateral Push,https://aspirezoneqa.sharepoint.com/sites/Rehabilitation-ExerciseVideos/Shared Documents/Exercise and assessment video library/Exercises/Unclassified/Exercise Videos from VCP/Cone Hop and Lateral Push.mp4
Cone Hopping 2 fwd and 1 bwd,https://aspirezoneqa.sharepoint.com/sites/Rehabilitation-ExerciseVideos/Shared Documents/Exercise and assessment video library/Exercises/Unclassified/Exercise Videos from VCP/Cone Hopping 2 fwd and 1 bwd.mp4
Cone hopping FWD,https://aspirezoneqa.sharepoint.com/sites/Rehabilitation-ExerciseVideos/Shared Documents/Exercise and assessment video library/Exercises/Unclassified/Exercise Videos from VCP/Cone hopping FWD.mp4
Cone Hopping,https://aspirezoneqa.sharepoint.com/sites/Rehabilitation-ExerciseVideos/Shared Documents/Exercise and assessment video library/Exercises/Unclassified/Exercise Videos from VCP/Cone Hopping.mp4
Corestix chest push,https://aspirezoneqa.sharepoint.com/sites/Rehabilitation-ExerciseVideos/Shared Documents/Exercise and assessment video library/Exercises/Unclassified/Exercise Videos from VCP/Corestix chest push.mp4
Corestix external rotation,https://aspirezoneqa.sharepoint.com/sites/Rehabilitation-ExerciseVideos/Shared Documents/Exercise and assessment video library/Exercises/Unclassified/Exercise Videos from VCP/Corestix external rotation.mp4
Corestix row,https://aspirezoneqa.sharepoint.com/sites/Rehabilitation-ExerciseVideos/Shared Documents/Exercise and assessment video library/Exercises/Unclassified/Exercise Videos from VCP/Corestix row.mp4
Corestix single hand chest,https://aspirezoneqa.sharepoint.com/sites/Rehabilitation-ExerciseVideos/Shared Documents/Exercise and assessment video library/Exercises/Unclassified/Exercise Videos from VCP/Corestix single hand chest.mp4
Cow and Cat,https://aspirezoneqa.sharepoint.com/sites/Rehabilitation-ExerciseVideos/Shared Documents/Exercise and assessment video library/Exercises/Unclassified/Exercise Videos from VCP/Cow and Cat.mp4
Crab walk with elastic resistance at ankle,https://aspirezoneqa.sharepoint.com/sites/Rehabilitation-ExerciseVideos/Shared Documents/Exercise and assessment video library/Exercises/Unclassified/Exercise Videos from VCP/Crab walk with elastic resistance at ankle.mp4
Crab walk with elastic resistance at knee,https://aspirezoneqa.sharepoint.com/sites/Rehabilitation-ExerciseVideos/Shared Documents/Exercise and assessment video library/Exercises/Unclassified/Exercise Videos from VCP/Crab walk with elastic resistance at knee.mp4
Crab walk with out resistance,https://aspirezoneqa.sharepoint.com/sites/Rehabilitation-ExerciseVideos/Shared Documents/Exercise and assessment video library/Exercises/Unclassified/Exercise Videos from VCP/Crab walk with out resistance.mp4
Crunch,https://aspirezoneqa.sharepoint.com/sites/Rehabilitation-ExerciseVideos/Shared Documents/Exercise and assessment video library/Exercises/Unclassified/Exercise Videos from VCP/Crunch.mp4
Crutch up and down stairs,https://aspirezoneqa.sharepoint.com/sites/Rehabilitation-ExerciseVideos/Shared Documents/Exercise and assessment video library/Exercises/Lower Body/Knee/Crutch up and down stairs.mp4
Curtsy squat,https://aspirezoneqa.sharepoint.com/sites/Rehabilitation-ExerciseVideos/Shared Documents/Exercise and assessment video library/Exercises/Unclassified/Exercise Videos from VCP/Curtsy squat.mp4
DB Bench Chest Fly,https://aspirezoneqa.sharepoint.com/sites/Rehabilitation-ExerciseVideos/Shared Documents/Exercise and assessment video library/Exercises/Upper Body/Shoulder/DB Bench Chest Fly.mp4
DB Biceps curl and Shoulder press,https://aspirezoneqa.sharepoint.com/sites/Rehabilitation-ExerciseVideos/Shared Documents/Exercise and assessment video library/Exercises/Upper Body/Shoulder/DB Biceps curl and Shoulder press.mp4
DB Chest press,https://aspirezoneqa.sharepoint.com/sites/Rehabilitation-ExerciseVideos/Shared Documents/Exercise and assessment video library/Exercises/Upper Body/Shoulder/DB Chest press.mp4
DB Incline chest press,https://aspirezoneqa.sharepoint.com/sites/Rehabilitation-ExerciseVideos/Shared Documents/Exercise and assessment video library/Exercises/Upper Body/Shoulder/DB Incline chest press.mp4
DB Overhead triceps extension,https://aspirezoneqa.sharepoint.com/sites/Rehabilitation-ExerciseVideos/Shared Documents/Exercise and assessment video library/Exercises/Upper Body/Shoulder/DB Overhead triceps extension.mp4
DB Shoulder press(Box),https://aspirezoneqa.sharepoint.com/sites/Rehabilitation-ExerciseVideos/Shared Documents/Exercise and assessment video library/Exercises/Upper Body/Shoulder/DB Shoulder press(Box).mp4
DB Shoulder press,https://aspirezoneqa.sharepoint.com/sites/Rehabilitation-ExerciseVideos/Shared Documents/Exercise and assessment video library/Exercises/Upper Body/Shoulder/DB Shoulder press.mp4
DB Single hand row,https://aspirezoneqa.sharepoint.com/sites/Rehabilitation-ExerciseVideos/Shared Documents/Exercise and assessment video library/Exercises/Upper Body/Shoulder/DB Single hand row.mp4
Dead lift,https://aspirezoneqa.sharepoint.com/sites/Rehabilitation-ExerciseVideos/Shared Documents/Exercise and assessment video library/Exercises/Unclassified/Exercise Videos from VCP/Dead lift.mp4
Deceleration,https://aspirezoneqa.sharepoint.com/sites/Rehabilitation-ExerciseVideos/Shared Documents/Exercise and assessment video library/Exercises/Unclassified/Exercise Videos from VCP/Deceleration.mp4
Deadlift with band around knee,https://aspirezoneqa.sharepoint.com/sites/Rehabilitation-ExerciseVideos/Shared Documents/Exercise and assessment video library/Exercises/Unclassified/Exercise Videos from VCP/Deadlift with band around knee.mp4
Decline squat with BFR,https://aspirezoneqa.sharepoint.com/sites/Rehabilitation-ExerciseVideos/Shared Documents/Exercise and assessment video library/Exercises/Unclassified/Exercise Videos from VCP/Decline squat with BFR.mp4
DL -RDL -BW,https://aspirezoneqa.sharepoint.com/sites/Rehabilitation-ExerciseVideos/Shared Documents/Exercise and assessment video library/Exercises/Unclassified/Exercise Videos from VCP/DL -RDL -BW.mp4
DL Booty Builder,https://aspirezoneqa.sharepoint.com/sites/Rehabilitation-ExerciseVideos/Shared Documents/Exercise and assessment video library/Exercises/Unclassified/Exercise Videos from VCP/DL Booty Builder.mp4
DL Bridge steps,https://aspirezoneqa.sharepoint.com/sites/Rehabilitation-ExerciseVideos/Shared Documents/Exercise and assessment video library/Exercises/Unclassified/Exercise Videos from VCP/DL Bridge steps.mp4
DL CMJ BW,https://aspirezoneqa.sharepoint.com/sites/Rehabilitation-ExerciseVideos/Shared Documents/Exercise and assessment video library/Exercises/Unclassified/Exercise Videos from VCP/DL CMJ BW.mp4
DL Bridge,https://aspirezoneqa.sharepoint.com/sites/Rehabilitation-ExerciseVideos/Shared Documents/Exercise and assessment video library/Exercises/Unclassified/Exercise Videos from VCP/DL Bridge.mp4
DL CMJ MVP Shuttle,https://aspirezoneqa.sharepoint.com/sites/Rehabilitation-ExerciseVideos/Shared Documents/Exercise and assessment video library/Exercises/Unclassified/Exercise Videos from VCP/DL CMJ MVP Shuttle.mp4
DL CMJ Shutttle MVP,https://aspirezoneqa.sharepoint.com/sites/Rehabilitation-ExerciseVideos/Shared Documents/Exercise and assessment video library/Exercises/Unclassified/Exercise Videos from VCP/DL CMJ Shutttle MVP.mp4
DL CMJ Vertimax,https://aspirezoneqa.sharepoint.com/sites/Rehabilitation-ExerciseVideos/Shared Documents/Exercise and assessment video library/Exercises/Unclassified/Exercise Videos from VCP/DL CMJ Vertimax.mp4
DL Deep Leg Press Shuttle MVP,https://aspirezoneqa.sharepoint.com/sites/Rehabilitation-ExerciseVideos/Shared Documents/Exercise and assessment video library/Exercises/Unclassified/Exercise Videos from VCP/DL Deep Leg Press Shuttle MVP.mp4
DL Drop Land Vertimax,https://aspirezoneqa.sharepoint.com/sites/Rehabilitation-ExerciseVideos/Shared Documents/Exercise and assessment video library/Exercises/Unclassified/Exercise Videos from VCP/DL Drop Land Vertimax.mp4
DL Drop to SL Vertimax,https://aspirezoneqa.sharepoint.com/sites/Rehabilitation-ExerciseVideos/Shared Documents/Exercise and assessment video library/Exercises/Unclassified/Exercise Videos from VCP/DL Drop to SL Vertimax.mp4
DL Glute ham hold,https://aspirezoneqa.sharepoint.com/sites/Rehabilitation-ExerciseVideos/Shared Documents/Exercise and assessment video library/Exercises/Unclassified/Exercise Videos from VCP/DL Glute ham hold.mp4
DL Heel raise,https://aspirezoneqa.sharepoint.com/sites/Rehabilitation-ExerciseVideos/Shared Documents/Exercise and assessment video library/Exercises/Unclassified/Exercise Videos from VCP/DL Heel raise.mp4
DL Glute ham raise,https://aspirezoneqa.sharepoint.com/sites/Rehabilitation-ExerciseVideos/Shared Documents/Exercise and assessment video library/Exercises/Unclassified/Exercise Videos from VCP/DL Glute ham raise.mp4
DL hip thrust loaded,https://aspirezoneqa.sharepoint.com/sites/Rehabilitation-ExerciseVideos/Shared Documents/Exercise and assessment video library/Exercises/Unclassified/Exercise Videos from VCP/DL hip thrust loaded.mp4
DL Hip Thrust support on Bed,https://aspirezoneqa.sharepoint.com/sites/Rehabilitation-ExerciseVideos/Shared Documents/Exercise and assessment video library/Exercises/Unclassified/Exercise Videos from VCP/DL Hip Thrust support on Bed.mp4
DL Hip thrust Pelvic Control,https://aspirezoneqa.sharepoint.com/sites/Rehabilitation-ExerciseVideos/Shared Documents/Exercise and assessment video library/Exercises/Unclassified/Exercise Videos from VCP/DL Hip thrust Pelvic Control.mp4
DL Keiser Explosive prone curl,https://aspirezoneqa.sharepoint.com/sites/Rehabilitation-ExerciseVideos/Shared Documents/Exercise and assessment video library/Exercises/Unclassified/Exercise Videos from VCP/DL Keiser Explosive prone curl.mp4
DL Leg press,https://aspirezoneqa.sharepoint.com/sites/Rehabilitation-ExerciseVideos/Shared Documents/Exercise and assessment video library/Exercises/Unclassified/Exercise Videos from VCP/DL Leg press.mp4
DL long lever bridge iso 30,https://aspirezoneqa.sharepoint.com/sites/Rehabilitation-ExerciseVideos/Shared Documents/Exercise and assessment video library/Exercises/Unclassified/Exercise Videos from VCP/DL long lever bridge iso 30.mp4
DL Lift (Big toe dissociation),https://aspirezoneqa.sharepoint.com/sites/Rehabilitation-ExerciseVideos/Shared Documents/Exercise and assessment video library/Exercises/Unclassified/Exercise Videos from VCP/DL Lift (Big toe dissociation).mp4
DL NCMJ Total Gym,https://aspirezoneqa.sharepoint.com/sites/Rehabilitation-ExerciseVideos/Shared Documents/Exercise and assessment video library/Exercises/Unclassified/Exercise Videos from VCP/DL NCMJ Total Gym.mp4
DL RDL Barbell,https://aspirezoneqa.sharepoint.com/sites/Rehabilitation-ExerciseVideos/Shared Documents/Exercise and assessment video library/Exercises/Unclassified/Exercise Videos from VCP/DL RDL Barbell.mp4
DL RDL BW,https://aspirezoneqa.sharepoint.com/sites/Rehabilitation-ExerciseVideos/Shared Documents/Exercise and assessment video library/Exercises/Unclassified/Exercise Videos from VCP/DL RDL BW.mp4
DL RDL Loaded,https://aspirezoneqa.sharepoint.com/sites/Rehabilitation-ExerciseVideos/Shared Documents/Exercise and assessment video library/Exercises/Unclassified/Exercise Videos from VCP/DL RDL Loaded.mp4
DL SJ Shuttle MVP,https://aspirezoneqa.sharepoint.com/sites/Rehabilitation-ExerciseVideos/Shared Documents/Exercise and assessment video library/Exercises/Unclassified/Exercise Videos from VCP/DL SJ Shuttle MVP.mp4
DL Squat Loaded weighted Disc on back,https://aspirezoneqa.sharepoint.com/sites/Rehabilitation-ExerciseVideos/Shared Documents/Exercise and assessment video library/Exercises/Unclassified/Exercise Videos from VCP/DL Squat Loaded weighted Disc on back.mp4
DL Toe Taps Shuttle MVP,https://aspirezoneqa.sharepoint.com/sites/Rehabilitation-ExerciseVideos/Shared Documents/Exercise and assessment video library/Exercises/Unclassified/Exercise Videos from VCP/DL Toe Taps Shuttle MVP.mp4
DL to SL SJ Shuttle MVP,https://aspirezoneqa.sharepoint.com/sites/Rehabilitation-ExerciseVideos/Shared Documents/Exercise and assessment video library/Exercises/Unclassified/Exercise Videos from VCP/DL to SL SJ Shuttle MVP.mp4
DL Total gym,https://aspirezoneqa.sharepoint.com/sites/Rehabilitation-ExerciseVideos/Shared Documents/Exercise and assessment video library/Exercises/Unclassified/Exercise Videos from VCP/DL Total gym.mp4
DL Wall Squat BW,https://aspirezoneqa.sharepoint.com/sites/Rehabilitation-ExerciseVideos/Shared Documents/Exercise and assessment video library/Exercises/Unclassified/Exercise Videos from VCP/DL Wall Squat BW.mp4
DL Trap bar jump,https://aspirezoneqa.sharepoint.com/sites/Rehabilitation-ExerciseVideos/Shared Documents/Exercise and assessment video library/Exercises/Unclassified/Exercise Videos from VCP/DL Trap bar jump.mp4
DL Wall squat,https://aspirezoneqa.sharepoint.com/sites/Rehabilitation-ExerciseVideos/Shared Documents/Exercise and assessment video library/Exercises/Unclassified/Exercise Videos from VCP/DL Wall squat.mp4
Double leg drop jump,https://aspirezoneqa.sharepoint.com/sites/Rehabilitation-ExerciseVideos/Shared Documents/Exercise and assessment video library/Exercises/Unclassified/Exercise Videos from VCP/Double leg drop jump.mp4
Double leg drop to double leg trap bar,https://aspirezoneqa.sharepoint.com/sites/Rehabilitation-ExerciseVideos/Shared Documents/Exercise and assessment video library/Exercises/Unclassified/Exercise Videos from VCP/Double leg drop to double leg trap bar.mp4
Double leg drop to double leg,https://aspirezoneqa.sharepoint.com/sites/Rehabilitation-ExerciseVideos/Shared Documents/Exercise and assessment video library/Exercises/Unclassified/Exercise Videos from VCP/Double leg drop to double leg.mp4
Double leg drop to single leg,https://aspirezoneqa.sharepoint.com/sites/Rehabilitation-ExerciseVideos/Shared Documents/Exercise and assessment video library/Exercises/Unclassified/Exercise Videos from VCP/Double leg drop to single leg.mp4
DOUBLE LEG JUMP WIH TRAP BAR,https://aspirezoneqa.sharepoint.com/sites/Rehabilitation-ExerciseVideos/Shared Documents/Exercise and assessment video library/Exercises/Unclassified/Exercise Videos from VCP/DOUBLE LEG JUMP WIH TRAP BAR.mp4
Double leg tuck jump,https://aspirezoneqa.sharepoint.com/sites/Rehabilitation-ExerciseVideos/Shared Documents/Exercise and assessment video library/Exercises/Unclassified/Exercise Videos from VCP/Double leg tuck jump.mp4
Double Tap step to the WAll,https://aspirezoneqa.sharepoint.com/sites/Rehabilitation-ExerciseVideos/Shared Documents/Exercise and assessment video library/Exercises/Unclassified/Exercise Videos from VCP/Double Tap step to the WAll.mp4
Stick assisted shoulder abduction in standing,https://aspirezoneqa.sharepoint.com/sites/Rehabilitation-ExerciseVideos/Shared Documents/Exercise and assessment video library/Exercises/Upper Body/Shoulder/Stick assisted shoulder abduction in standing.mp4
DROP JUMP,https://aspirezoneqa.sharepoint.com/sites/Rehabilitation-ExerciseVideos/Shared Documents/Exercise and assessment video library/Exercises/Unclassified/Exercise Videos from VCP/DROP JUMP.mp4
Dumbbell drop and land DL to SL,https://aspirezoneqa.sharepoint.com/sites/Rehabilitation-ExerciseVideos/Shared Documents/Exercise and assessment video library/Exercises/Unclassified/Exercise Videos from VCP/Dumbbell drop and land DL to SL.mp4
Dumbbells drop amd land DL to DL,https://aspirezoneqa.sharepoint.com/sites/Rehabilitation-ExerciseVideos/Shared Documents/Exercise and assessment video library/Exercises/Unclassified/Exercise Videos from VCP/Dumbbells drop amd land DL to DL.mp4
Dyno Chest Press,https://aspirezoneqa.sharepoint.com/sites/Rehabilitation-ExerciseVideos/Shared Documents/Exercise and assessment video library/Exercises/Unclassified/Exercise Videos from VCP/Dyno Chest Press.mp4
Dyno Row,https://aspirezoneqa.sharepoint.com/sites/Rehabilitation-ExerciseVideos/Shared Documents/Exercise and assessment video library/Exercises/Unclassified/Exercise Videos from VCP/Dyno Row.mp4
Early Bike,https://aspirezoneqa.sharepoint.com/sites/Rehabilitation-ExerciseVideos/Shared Documents/Exercise and assessment video library/Exercises/Unclassified/Exercise Videos from VCP/Early Bike.mp4
Early rowing,https://aspirezoneqa.sharepoint.com/sites/Rehabilitation-ExerciseVideos/Shared Documents/Exercise and assessment video library/Exercises/Unclassified/Exercise Videos from VCP/Early rowing.mp4
ECC SL Hack squat,https://aspirezoneqa.sharepoint.com/sites/Rehabilitation-ExerciseVideos/Shared Documents/Exercise and assessment video library/Exercises/Unclassified/Exercise Videos from VCP/ECC SL Hack squat.mp4
Eccentric shoulder abduction,https://aspirezoneqa.sharepoint.com/sites/Rehabilitation-ExerciseVideos/Shared Documents/Exercise and assessment video library/Exercises/Upper Body/Shoulder/Eccentric shoulder abduction.mp4
Eccentric single leg squat,https://aspirezoneqa.sharepoint.com/sites/Rehabilitation-ExerciseVideos/Shared Documents/Exercise and assessment video library/Exercises/Unclassified/Exercise Videos from VCP/Eccentric single leg squat.mp4
Elastic angle abduction inversion,https://aspirezoneqa.sharepoint.com/sites/Rehabilitation-ExerciseVideos/Shared Documents/Exercise and assessment video library/Exercises/Unclassified/Exercise Videos from VCP/Elastic angle abduction inversion.mp4
Elastic band  W with step forward,https://aspirezoneqa.sharepoint.com/sites/Rehabilitation-ExerciseVideos/Shared Documents/Exercise and assessment video library/Exercises/Upper Body/Shoulder/Elastic band  W with step forward.mp4
Elastic band W with step back,https://aspirezoneqa.sharepoint.com/sites/Rehabilitation-ExerciseVideos/Shared Documents/Exercise and assessment video library/Exercises/Upper Body/Shoulder/Elastic band W with step back.mp4
Elastic band W with step forward and rotate,https://aspirezoneqa.sharepoint.com/sites/Rehabilitation-ExerciseVideos/Shared Documents/Exercise and assessment video library/Exercises/Upper Body/Shoulder/Elastic band W with step forward and rotate.mp4
Elastic bear hug with step forward,https://aspirezoneqa.sharepoint.com/sites/Rehabilitation-ExerciseVideos/Shared Documents/Exercise and assessment video library/Exercises/Upper Body/Shoulder/Elastic bear hug with step forward.mp4
Elastic kicking insteps,https://aspirezoneqa.sharepoint.com/sites/Rehabilitation-ExerciseVideos/Shared Documents/Exercise and assessment video library/Exercises/Unclassified/Exercise Videos from VCP/Elastic kicking insteps.mp4
Elastic kicking laces,https://aspirezoneqa.sharepoint.com/sites/Rehabilitation-ExerciseVideos/Shared Documents/Exercise and assessment video library/Exercises/Unclassified/Exercise Videos from VCP/Elastic kicking laces.mp4
Elastic push up,https://aspirezoneqa.sharepoint.com/sites/Rehabilitation-ExerciseVideos/Shared Documents/Exercise and assessment video library/Exercises/Upper Body/Shoulder/Elastic push up.mp4
Elastic shoulder press,https://aspirezoneqa.sharepoint.com/sites/Rehabilitation-ExerciseVideos/Shared Documents/Exercise and assessment video library/Exercises/Upper Body/Shoulder/Elastic shoulder press.mp4
Elastic upright row,https://aspirezoneqa.sharepoint.com/sites/Rehabilitation-ExerciseVideos/Shared Documents/Exercise and assessment video library/Exercises/Upper Body/Shoulder/Elastic upright row.mp4
Elbow to Knee Crunches,https://aspirezoneqa.sharepoint.com/sites/Rehabilitation-ExerciseVideos/Shared Documents/Exercise and assessment video library/Exercises/Unclassified/Exercise Videos from VCP/Elbow to Knee Crunches.mp4
Elbow to Knee MedBall Hold,https://aspirezoneqa.sharepoint.com/sites/Rehabilitation-ExerciseVideos/Shared Documents/Exercise and assessment video library/Exercises/Unclassified/Exercise Videos from VCP/Elbow to Knee MedBall Hold.mp4
Elbows to hands plank,https://aspirezoneqa.sharepoint.com/sites/Rehabilitation-ExerciseVideos/Shared Documents/Exercise and assessment video library/Exercises/Unclassified/Exercise Videos from VCP/Elbows to hands plank.mp4
Elevated leg crunch,https://aspirezoneqa.sharepoint.com/sites/Rehabilitation-ExerciseVideos/Shared Documents/Exercise and assessment video library/Exercises/Unclassified/Exercise Videos from VCP/Elevated leg crunch.mp4
Elliptical,https://aspirezoneqa.sharepoint.com/sites/Rehabilitation-ExerciseVideos/Shared Documents/Exercise and assessment video library/Exercises/Unclassified/Exercise Videos from VCP/Elliptical.mp4
FHL Manual Resistance,https://aspirezoneqa.sharepoint.com/sites/Rehabilitation-ExerciseVideos/Shared Documents/Exercise and assessment video library/Exercises/Unclassified/Exercise Videos from VCP/FHL Manual Resistance.mp4
Extender,https://aspirezoneqa.sharepoint.com/sites/Rehabilitation-ExerciseVideos/Shared Documents/Exercise and assessment video library/Exercises/Lower Body/Hamstrings/Extender.mp4
Flamingo,https://aspirezoneqa.sharepoint.com/sites/Rehabilitation-ExerciseVideos/Shared Documents/Exercise and assessment video library/Exercises/Unclassified/Exercise Videos from VCP/Flamingo.mp4
EMG,https://aspirezoneqa.sharepoint.com/sites/Rehabilitation-ExerciseVideos/Shared Documents/Exercise and assessment video library/Exercises/Unclassified/Exercise Videos from VCP/EMG.mp4
Flemingo stretch,https://aspirezoneqa.sharepoint.com/sites/Rehabilitation-ExerciseVideos/Shared Documents/Exercise and assessment video library/Exercises/Unclassified/Exercise Videos from VCP/Flemingo stretch.mp4
Flexor hallux manual,https://aspirezoneqa.sharepoint.com/sites/Rehabilitation-ExerciseVideos/Shared Documents/Exercise and assessment video library/Exercises/Unclassified/Exercise Videos from VCP/Flexor hallux manual.mp4
Floor Chest Fly Elevated Legs,https://aspirezoneqa.sharepoint.com/sites/Rehabilitation-ExerciseVideos/Shared Documents/Exercise and assessment video library/Exercises/Unclassified/Exercise Videos from VCP/Floor Chest Fly Elevated Legs.mp4
Flowin Push Up Combo,https://aspirezoneqa.sharepoint.com/sites/Rehabilitation-ExerciseVideos/Shared Documents/Exercise and assessment video library/Exercises/Unclassified/Exercise Videos from VCP/Flowin Push Up Combo.mp4
Flowin Up and Down,https://aspirezoneqa.sharepoint.com/sites/Rehabilitation-ExerciseVideos/Shared Documents/Exercise and assessment video library/Exercises/Unclassified/Exercise Videos from VCP/Flowin Up and Down.mp4
Forearm stretch,https://aspirezoneqa.sharepoint.com/sites/Rehabilitation-ExerciseVideos/Shared Documents/Exercise and assessment video library/Exercises/Unclassified/Exercise Videos from VCP/Forearm stretch.mp4
Forward lunge with posterior glide with belt,https://aspirezoneqa.sharepoint.com/sites/Rehabilitation-ExerciseVideos/Shared Documents/Exercise and assessment video library/Exercises/Unclassified/Exercise Videos from VCP/Forward lunge with posterior glide with belt.mp4
Forward or Backward shadowing,https://aspirezoneqa.sharepoint.com/sites/Rehabilitation-ExerciseVideos/Shared Documents/Exercise and assessment video library/Exercises/Unclassified/Exercise Videos from VCP/Forward or Backward shadowing.mp4
Forward slide lunge with socks,https://aspirezoneqa.sharepoint.com/sites/Rehabilitation-ExerciseVideos/Shared Documents/Exercise and assessment video library/Exercises/Unclassified/Exercise Videos from VCP/Forward slide lunge with socks.mp4
Free squat,https://aspirezoneqa.sharepoint.com/sites/Rehabilitation-ExerciseVideos/Shared Documents/Exercise and assessment video library/Exercises/Unclassified/Exercise Videos from VCP/Free squat.mp4
Frog horizontal side jump,https://aspirezoneqa.sharepoint.com/sites/Rehabilitation-ExerciseVideos/Shared Documents/Exercise and assessment video library/Exercises/Unclassified/Exercise Videos from VCP/Frog horizontal side jump.mp4
Front squat,https://aspirezoneqa.sharepoint.com/sites/Rehabilitation-ExerciseVideos/Shared Documents/Exercise and assessment video library/Exercises/Unclassified/Exercise Videos from VCP/Front squat.mp4
Gait training exaggerated knee and hip flexion,https://aspirezoneqa.sharepoint.com/sites/Rehabilitation-ExerciseVideos/Shared Documents/Exercise and assessment video library/Exercises/Unclassified/Exercise Videos from VCP/Gait training exaggerated knee and hip flexion.mp4
GAME READY,https://aspirezoneqa.sharepoint.com/sites/Rehabilitation-ExerciseVideos/Shared Documents/Exercise and assessment video library/Exercises/Unclassified/Exercise Videos from VCP/GAME READY.mp4
Full range SL Heel raise weighted,https://aspirezoneqa.sharepoint.com/sites/Rehabilitation-ExerciseVideos/Shared Documents/Exercise and assessment video library/Exercises/Unclassified/Exercise Videos from VCP/Full range SL Heel raise weighted.mp4
Glute HS Raise,https://aspirezoneqa.sharepoint.com/sites/Rehabilitation-ExerciseVideos/Shared Documents/Exercise and assessment video library/Exercises/Unclassified/Exercise Videos from VCP/Glute HS Raise.mp4
Goblet squat,https://aspirezoneqa.sharepoint.com/sites/Rehabilitation-ExerciseVideos/Shared Documents/Exercise and assessment video library/Exercises/Unclassified/Exercise Videos from VCP/Goblet squat.mp4
Goblet squat to box,https://aspirezoneqa.sharepoint.com/sites/Rehabilitation-ExerciseVideos/Shared Documents/Exercise and assessment video library/Exercises/Unclassified/Exercise Videos from VCP/Goblet squat to box.mp4
Goblet squat- facing the wall,https://aspirezoneqa.sharepoint.com/sites/Rehabilitation-ExerciseVideos/Shared Documents/Exercise and assessment video library/Exercises/Unclassified/Exercise Videos from VCP/Goblet squat- facing the wall.mp4
Groin cable tension arc contralateral arm leg flexion,https://aspirezoneqa.sharepoint.com/sites/Rehabilitation-ExerciseVideos/Shared Documents/Exercise and assessment video library/Exercises/Unclassified/Exercise Videos from VCP/Groin cable tension arc contralateral arm leg flexion.mp4
Hack squat machine bilateral,https://aspirezoneqa.sharepoint.com/sites/Rehabilitation-ExerciseVideos/Shared Documents/Exercise and assessment video library/Exercises/Unclassified/Exercise Videos from VCP/Hack squat machine bilateral.mp4
Hack squat machine single leg,https://aspirezoneqa.sharepoint.com/sites/Rehabilitation-ExerciseVideos/Shared Documents/Exercise and assessment video library/Exercises/Unclassified/Exercise Videos from VCP/Hack squat machine single leg.mp4
Hack squat,https://aspirezoneqa.sharepoint.com/sites/Rehabilitation-ExerciseVideos/Shared Documents/Exercise and assessment video library/Exercises/Unclassified/Exercise Videos from VCP/Hack squat.mp4
Half knee pelvic tilt,https://aspirezoneqa.sharepoint.com/sites/Rehabilitation-ExerciseVideos/Shared Documents/Exercise and assessment video library/Exercises/Unclassified/Exercise Videos from VCP/Half knee pelvic tilt.mp4
Hamstring isometric contraction in bridge,https://aspirezoneqa.sharepoint.com/sites/Rehabilitation-ExerciseVideos/Shared Documents/Exercise and assessment video library/Exercises/Lower Body/Hamstrings/Hamstring isometric contraction in bridge.mp4
Half kneeling pelvic tilt,https://aspirezoneqa.sharepoint.com/sites/Rehabilitation-ExerciseVideos/Shared Documents/Exercise and assessment video library/Exercises/Unclassified/Exercise Videos from VCP/Half kneeling pelvic tilt.mp4
Hamstring long lever catch,https://aspirezoneqa.sharepoint.com/sites/Rehabilitation-ExerciseVideos/Shared Documents/Exercise and assessment video library/Exercises/Lower Body/Hamstrings/Hamstring long lever catch.mp4
Hamstring tantrum,https://aspirezoneqa.sharepoint.com/sites/Rehabilitation-ExerciseVideos/Shared Documents/Exercise and assessment video library/Exercises/Lower Body/Hamstrings/Hamstring tantrum.mp4
Hamstring stretch,https://aspirezoneqa.sharepoint.com/sites/Rehabilitation-ExerciseVideos/Shared Documents/Exercise and assessment video library/Exercises/Lower Body/Hamstrings/Hamstring stretch.mp4
Hand behind head,https://aspirezoneqa.sharepoint.com/sites/Rehabilitation-ExerciseVideos/Shared Documents/Exercise and assessment video library/Exercises/Unclassified/Exercise Videos from VCP/Hand behind head.mp4
Heel digs,https://aspirezoneqa.sharepoint.com/sites/Rehabilitation-ExerciseVideos/Shared Documents/Exercise and assessment video library/Exercises/Lower Body/Hamstrings/Heel digs.mp4
Heel raises in sitting with weight,https://aspirezoneqa.sharepoint.com/sites/Rehabilitation-ExerciseVideos/Shared Documents/Exercise and assessment video library/Exercises/Unclassified/Exercise Videos from VCP/Heel raises in sitting with weight.mp4
Heel Kicks,https://aspirezoneqa.sharepoint.com/sites/Rehabilitation-ExerciseVideos/Shared Documents/Exercise and assessment video library/Exercises/Unclassified/Exercise Videos from VCP/Heel Kicks.mp4
Heel raises in sitting,https://aspirezoneqa.sharepoint.com/sites/Rehabilitation-ExerciseVideos/Shared Documents/Exercise and assessment video library/Exercises/Unclassified/Exercise Videos from VCP/Heel raises in sitting.mp4
Heel sides with towel,https://aspirezoneqa.sharepoint.com/sites/Rehabilitation-ExerciseVideos/Shared Documents/Exercise and assessment video library/Exercises/Unclassified/Exercise Videos from VCP/Heel sides with towel.mp4
Heel toe walk,https://aspirezoneqa.sharepoint.com/sites/Rehabilitation-ExerciseVideos/Shared Documents/Exercise and assessment video library/Exercises/Unclassified/Exercise Videos from VCP/Heel toe walk.mp4
High Knees,https://aspirezoneqa.sharepoint.com/sites/Rehabilitation-ExerciseVideos/Shared Documents/Exercise and assessment video library/Exercises/Unclassified/Exercise Videos from VCP/High Knees.mp4
High plank shoulder taps,https://aspirezoneqa.sharepoint.com/sites/Rehabilitation-ExerciseVideos/Shared Documents/Exercise and assessment video library/Exercises/Unclassified/Exercise Videos from VCP/High plank shoulder taps.mp4
High plank,https://aspirezoneqa.sharepoint.com/sites/Rehabilitation-ExerciseVideos/Shared Documents/Exercise and assessment video library/Exercises/Unclassified/Exercise Videos from VCP/High plank.mp4
Hip abduction in supine with band around knees,https://aspirezoneqa.sharepoint.com/sites/Rehabilitation-ExerciseVideos/Shared Documents/Exercise and assessment video library/Exercises/Unclassified/Exercise Videos from VCP/Hip abduction in supine with band around knees.mp4
Hip abduction machine,https://aspirezoneqa.sharepoint.com/sites/Rehabilitation-ExerciseVideos/Shared Documents/Exercise and assessment video library/Exercises/Unclassified/Exercise Videos from VCP/Hip abduction machine.mp4
Hip adduction in sitting with ball between knees,https://aspirezoneqa.sharepoint.com/sites/Rehabilitation-ExerciseVideos/Shared Documents/Exercise and assessment video library/Exercises/Unclassified/Exercise Videos from VCP/Hip adduction in sitting with ball between knees.mp4
Hip adduction in standig supported,https://aspirezoneqa.sharepoint.com/sites/Rehabilitation-ExerciseVideos/Shared Documents/Exercise and assessment video library/Exercises/Unclassified/Exercise Videos from VCP/Hip adduction in standig supported.mp4
Hip adduction in standing supported unstable surface,https://aspirezoneqa.sharepoint.com/sites/Rehabilitation-ExerciseVideos/Shared Documents/Exercise and assessment video library/Exercises/Unclassified/Exercise Videos from VCP/Hip adduction in standing supported unstable surface.mp4
Hip adduction in standing supported,https://aspirezoneqa.sharepoint.com/sites/Rehabilitation-ExerciseVideos/Shared Documents/Exercise and assessment video library/Exercises/Unclassified/Exercise Videos from VCP/Hip adduction in standing supported.mp4
Hip adduction in standing unsupported surface,https://aspirezoneqa.sharepoint.com/sites/Rehabilitation-ExerciseVideos/Shared Documents/Exercise and assessment video library/Exercises/Unclassified/Exercise Videos from VCP/Hip adduction in standing unsupported surface.mp4
Hip adduction in standing unsupported unstable surface,https://aspirezoneqa.sharepoint.com/sites/Rehabilitation-ExerciseVideos/Shared Documents/Exercise and assessment video library/Exercises/Unclassified/Exercise Videos from VCP/Hip adduction in standing unsupported unstable surface.mp4
Hip adduction in standing unsupported,https://aspirezoneqa.sharepoint.com/sites/Rehabilitation-ExerciseVideos/Shared Documents/Exercise and assessment video library/Exercises/Unclassified/Exercise Videos from VCP/Hip adduction in standing unsupported.mp4
Hip adduction in supine with balls between knees,https://aspirezoneqa.sharepoint.com/sites/Rehabilitation-ExerciseVideos/Shared Documents/Exercise and assessment video library/Exercises/Unclassified/Exercise Videos from VCP/Hip adduction in supine with balls between knees.mp4
Hip adduction machine,https://aspirezoneqa.sharepoint.com/sites/Rehabilitation-ExerciseVideos/Shared Documents/Exercise and assessment video library/Exercises/Unclassified/Exercise Videos from VCP/Hip adduction machine.mp4
Hip extension in prone unresisted,https://aspirezoneqa.sharepoint.com/sites/Rehabilitation-ExerciseVideos/Shared Documents/Exercise and assessment video library/Exercises/Unclassified/Exercise Videos from VCP/Hip extension in prone unresisted.mp4
Hip extension in prone with weight on thigh,https://aspirezoneqa.sharepoint.com/sites/Rehabilitation-ExerciseVideos/Shared Documents/Exercise and assessment video library/Exercises/Unclassified/Exercise Videos from VCP/Hip extension in prone with weight on thigh.mp4
Hip exteral Rotation- Resisted,https://aspirezoneqa.sharepoint.com/sites/Rehabilitation-ExerciseVideos/Shared Documents/Exercise and assessment video library/Exercises/Unclassified/Exercise Videos from VCP/Hip exteral Rotation- Resisted.mp4
Hip exteranal rotation in prone active,https://aspirezoneqa.sharepoint.com/sites/Rehabilitation-ExerciseVideos/Shared Documents/Exercise and assessment video library/Exercises/Unclassified/Exercise Videos from VCP/Hip exteranal rotation in prone active.mp4
Hip exteranl rotation standing with elastic aroud knee,https://aspirezoneqa.sharepoint.com/sites/Rehabilitation-ExerciseVideos/Shared Documents/Exercise and assessment video library/Exercises/Unclassified/Exercise Videos from VCP/Hip exteranl rotation standing with elastic aroud knee.mp4
Hip flexion in sitting active assisted,https://aspirezoneqa.sharepoint.com/sites/Rehabilitation-ExerciseVideos/Shared Documents/Exercise and assessment video library/Exercises/Unclassified/Exercise Videos from VCP/Hip flexion in sitting active assisted.mp4
Hip flexion pulley,https://aspirezoneqa.sharepoint.com/sites/Rehabilitation-ExerciseVideos/Shared Documents/Exercise and assessment video library/Exercises/Unclassified/Exercise Videos from VCP/Hip flexion pulley.mp4
HIP FLEXOR STRETCH,https://aspirezoneqa.sharepoint.com/sites/Rehabilitation-ExerciseVideos/Shared Documents/Exercise and assessment video library/Exercises/Unclassified/Exercise Videos from VCP/HIP FLEXOR STRETCH.mp4
Hip flextion in sitting active,https://aspirezoneqa.sharepoint.com/sites/Rehabilitation-ExerciseVideos/Shared Documents/Exercise and assessment video library/Exercises/Unclassified/Exercise Videos from VCP/Hip flextion in sitting active.mp4
Hip hitch supported,https://aspirezoneqa.sharepoint.com/sites/Rehabilitation-ExerciseVideos/Shared Documents/Exercise and assessment video library/Exercises/Unclassified/Exercise Videos from VCP/Hip hitch supported.mp4
Hip hitch unsupported or with Foot lift,https://aspirezoneqa.sharepoint.com/sites/Rehabilitation-ExerciseVideos/Shared Documents/Exercise and assessment video library/Exercises/Unclassified/Exercise Videos from VCP/Hip hitch unsupported or with Foot lift.mp4
Hip lock Banded,https://aspirezoneqa.sharepoint.com/sites/Rehabilitation-ExerciseVideos/Shared Documents/Exercise and assessment video library/Exercises/Unclassified/Exercise Videos from VCP/Hip lock Banded.mp4
Hip Lock Switch Banded,https://aspirezoneqa.sharepoint.com/sites/Rehabilitation-ExerciseVideos/Shared Documents/Exercise and assessment video library/Exercises/Unclassified/Exercise Videos from VCP/Hip lock Switch Banded.mp4
Hip Lock hold Banded,https://aspirezoneqa.sharepoint.com/sites/Rehabilitation-ExerciseVideos/Shared Documents/Exercise and assessment video library/Exercises/Unclassified/Exercise Videos from VCP/Hip lock Hold Banded.mp4
Hip lock Early,https://aspirezoneqa.sharepoint.com/sites/Rehabilitation-ExerciseVideos/Shared Documents/Exercise and assessment video library/Exercises/Unclassified/Exercise Videos from VCP/Hip lock Early.mp4
Hip lock to step,https://aspirezoneqa.sharepoint.com/sites/Rehabilitation-ExerciseVideos/Shared Documents/Exercise and assessment video library/Exercises/Unclassified/Exercise Videos from VCP/Hip lock to step.mp4
Hip lock with Pertubation Banded,https://aspirezoneqa.sharepoint.com/sites/Rehabilitation-ExerciseVideos/Shared Documents/Exercise and assessment video library/Exercises/Unclassified/Exercise Videos from VCP/Hip lock with Pertubation Banded.mp4
Hip skies on steps,https://aspirezoneqa.sharepoint.com/sites/Rehabilitation-ExerciseVideos/Shared Documents/Exercise and assessment video library/Exercises/Unclassified/Exercise Videos from VCP/Hip skies on steps.mp4
Hip thrust DL,https://aspirezoneqa.sharepoint.com/sites/Rehabilitation-ExerciseVideos/Shared Documents/Exercise and assessment video library/Exercises/Unclassified/Exercise Videos from VCP/Hip thrust DL.mp4
Hip thrust machine bilateral,https://aspirezoneqa.sharepoint.com/sites/Rehabilitation-ExerciseVideos/Shared Documents/Exercise and assessment video library/Exercises/Unclassified/Exercise Videos from VCP/Hip thrust machine bilateral.mp4
Hip thrust machine unilateral leg eleavted,https://aspirezoneqa.sharepoint.com/sites/Rehabilitation-ExerciseVideos/Shared Documents/Exercise and assessment video library/Exercises/Unclassified/Exercise Videos from VCP/Hip thrust machine unilateral leg eleavted.mp4
Hip thrust machine unilateral leg elevated opposite leg extended,https://aspirezoneqa.sharepoint.com/sites/Rehabilitation-ExerciseVideos/Shared Documents/Exercise and assessment video library/Exercises/Unclassified/Exercise Videos from VCP/Hip thrust machine unilateral leg elevated opposite leg extended.mp4
Hip thrust machine unilateral,https://aspirezoneqa.sharepoint.com/sites/Rehabilitation-ExerciseVideos/Shared Documents/Exercise and assessment video library/Exercises/Unclassified/Exercise Videos from VCP/Hip thrust machine unilateral.mp4
Hip thrust SL,https://aspirezoneqa.sharepoint.com/sites/Rehabilitation-ExerciseVideos/Shared Documents/Exercise and assessment video library/Exercises/Unclassified/Exercise Videos from VCP/Hip thrust SL.mp4
Hollow Planks Flutter Kicks,https://aspirezoneqa.sharepoint.com/sites/Rehabilitation-ExerciseVideos/Shared Documents/Exercise and assessment video library/Exercises/Unclassified/Exercise Videos from VCP/Hollow Planks Flutter Kicks.mp4
Hollow Planks Scissor Kicks,https://aspirezoneqa.sharepoint.com/sites/Rehabilitation-ExerciseVideos/Shared Documents/Exercise and assessment video library/Exercises/Unclassified/Exercise Videos from VCP/Hollow Planks Scissor Kicks.mp4
Hop and stick sideways,https://aspirezoneqa.sharepoint.com/sites/Rehabilitation-ExerciseVideos/Shared Documents/Exercise and assessment video library/Exercises/Unclassified/Exercise Videos from VCP/Hop and stick sideways.mp4
Hop to alternating legs,https://aspirezoneqa.sharepoint.com/sites/Rehabilitation-ExerciseVideos/Shared Documents/Exercise and assessment video library/Exercises/Unclassified/Exercise Videos from VCP/Hop to alternating legs.mp4
HS Slide,https://aspirezoneqa.sharepoint.com/sites/Rehabilitation-ExerciseVideos/Shared Documents/Exercise and assessment video library/Exercises/Unclassified/Exercise Videos from VCP/HS Slide.mp4
HUR Biceps curl,https://aspirezoneqa.sharepoint.com/sites/Rehabilitation-ExerciseVideos/Shared Documents/Exercise and assessment video library/Exercises/Unclassified/Exercise Videos from VCP/HUR Biceps curl.mp4
Hydro backward Skips,https://aspirezoneqa.sharepoint.com/sites/Rehabilitation-ExerciseVideos/Shared Documents/Exercise and assessment video library/Exercises/Unclassified/Exercise Videos from VCP/Hydro backward Skips.mp4
Hydro balance (balance board),https://aspirezoneqa.sharepoint.com/sites/Rehabilitation-ExerciseVideos/Shared Documents/Exercise and assessment video library/Exercises/Unclassified/Exercise Videos from VCP/Hydro balance (balance board).mp4
HUR Triceps,https://aspirezoneqa.sharepoint.com/sites/Rehabilitation-ExerciseVideos/Shared Documents/Exercise and assessment video library/Exercises/Unclassified/Exercise Videos from VCP/HUR Triceps.mp4
Hydro Balance exercisec Unstable surface,https://aspirezoneqa.sharepoint.com/sites/Rehabilitation-ExerciseVideos/Shared Documents/Exercise and assessment video library/Exercises/Unclassified/Exercise Videos from VCP/Hydro Balance exercisec Unstable surface.mp4
Hydro balance exercises,https://aspirezoneqa.sharepoint.com/sites/Rehabilitation-ExerciseVideos/Shared Documents/Exercise and assessment video library/Exercises/Unclassified/Exercise Videos from VCP/Hydro balance exercises.mp4
Hydro Balance,https://aspirezoneqa.sharepoint.com/sites/Rehabilitation-ExerciseVideos/Shared Documents/Exercise and assessment video library/Exercises/Unclassified/Exercise Videos from VCP/Hydro Balance.mp4
Hydro forward Hops,https://aspirezoneqa.sharepoint.com/sites/Rehabilitation-ExerciseVideos/Shared Documents/Exercise and assessment video library/Exercises/Unclassified/Exercise Videos from VCP/Hydro forward Hops.mp4
Hydro forward Skips,https://aspirezoneqa.sharepoint.com/sites/Rehabilitation-ExerciseVideos/Shared Documents/Exercise and assessment video library/Exercises/Unclassified/Exercise Videos from VCP/Hydro forward Skips.mp4
Hydro Hip Adduction abduction,https://aspirezoneqa.sharepoint.com/sites/Rehabilitation-ExerciseVideos/Shared Documents/Exercise and assessment video library/Exercises/Unclassified/Exercise Videos from VCP/Hydro Hip Adduction abduction.mp4
Hydro hip flex Ext,https://aspirezoneqa.sharepoint.com/sites/Rehabilitation-ExerciseVideos/Shared Documents/Exercise and assessment video library/Exercises/Unclassified/Exercise Videos from VCP/Hydro hip flex Ext.mp4
Hydro Hip Flexion Extension,https://aspirezoneqa.sharepoint.com/sites/Rehabilitation-ExerciseVideos/Shared Documents/Exercise and assessment video library/Exercises/Unclassified/Exercise Videos from VCP/Hydro Hip Flexion Extension.mp4
Hydro Sideway Skips,https://aspirezoneqa.sharepoint.com/sites/Rehabilitation-ExerciseVideos/Shared Documents/Exercise and assessment video library/Exercises/Unclassified/Exercise Videos from VCP/Hydro Sideway Skips.mp4
Hydro sitting squats,https://aspirezoneqa.sharepoint.com/sites/Rehabilitation-ExerciseVideos/Shared Documents/Exercise and assessment video library/Exercises/Unclassified/Exercise Videos from VCP/Hydro sitting squats.mp4
Hydro Squat,https://aspirezoneqa.sharepoint.com/sites/Rehabilitation-ExerciseVideos/Shared Documents/Exercise and assessment video library/Exercises/Unclassified/Exercise Videos from VCP/Hydro Squat.mp4
Hydro Stationary Hops,https://aspirezoneqa.sharepoint.com/sites/Rehabilitation-ExerciseVideos/Shared Documents/Exercise and assessment video library/Exercises/Unclassified/Exercise Videos from VCP/Hydro Stationary Hops.mp4
Hydro stationary Skips,https://aspirezoneqa.sharepoint.com/sites/Rehabilitation-ExerciseVideos/Shared Documents/Exercise and assessment video library/Exercises/Unclassified/Exercise Videos from VCP/Hydro stationary Skips.mp4
Hydro step up,https://aspirezoneqa.sharepoint.com/sites/Rehabilitation-ExerciseVideos/Shared Documents/Exercise and assessment video library/Exercises/Unclassified/Exercise Videos from VCP/Hydro step up.mp4
Hydro Treadmill Running,https://aspirezoneqa.sharepoint.com/sites/Rehabilitation-ExerciseVideos/Shared Documents/Exercise and assessment video library/Exercises/Unclassified/Exercise Videos from VCP/Hydro Treadmill Running.mp4
Ice application,https://aspirezoneqa.sharepoint.com/sites/Rehabilitation-ExerciseVideos/Shared Documents/Exercise and assessment video library/Exercises/Unclassified/Exercise Videos from VCP/Ice application.mp4
Illinois agility left,https://aspirezoneqa.sharepoint.com/sites/Rehabilitation-ExerciseVideos/Shared Documents/Exercise and assessment video library/Exercises/Unclassified/Exercise Videos from VCP/Illinois agility left.mp4
Inch worm Push Up,https://aspirezoneqa.sharepoint.com/sites/Rehabilitation-ExerciseVideos/Shared Documents/Exercise and assessment video library/Exercises/Unclassified/Exercise Videos from VCP/Inch worm Push Up.mp4
Illinois agility right,https://aspirezoneqa.sharepoint.com/sites/Rehabilitation-ExerciseVideos/Shared Documents/Exercise and assessment video library/Exercises/Unclassified/Exercise Videos from VCP/Illinois agility right.mp4
Incline Rows- DB,https://aspirezoneqa.sharepoint.com/sites/Rehabilitation-ExerciseVideos/Shared Documents/Exercise and assessment video library/Exercises/Unclassified/Exercise Videos from VCP/Incline Rows- DB.mp4
Inverted Rows-Overhand,https://aspirezoneqa.sharepoint.com/sites/Rehabilitation-ExerciseVideos/Shared Documents/Exercise and assessment video library/Exercises/Unclassified/Exercise Videos from VCP/Inverted Rows-Overhand.mp4
Inverted Rows-Underhand,https://aspirezoneqa.sharepoint.com/sites/Rehabilitation-ExerciseVideos/Shared Documents/Exercise and assessment video library/Exercises/Unclassified/Exercise Videos from VCP/Inverted Rows-Underhand.mp4
Isokinetic,https://aspirezoneqa.sharepoint.com/sites/Rehabilitation-ExerciseVideos/Shared Documents/Exercise and assessment video library/Exercises/Unclassified/Exercise Videos from VCP/Isokinetic.mp4
ISOMETRIC HAMSTRING AT 45 DEG WITH BELT PRONE,https://aspirezoneqa.sharepoint.com/sites/Rehabilitation-ExerciseVideos/Shared Documents/Exercise and assessment video library/Exercises/Unclassified/Exercise Videos from VCP/ISOMETRIC HAMSTRING AT 45 DEG WITH BELT PRONE.mp4
Isometric quadriceps at 30 deg with belt,https://aspirezoneqa.sharepoint.com/sites/Rehabilitation-ExerciseVideos/Shared Documents/Exercise and assessment video library/Exercises/Unclassified/Exercise Videos from VCP/Isometric quadriceps at 30 deg with belt.mp4
Isometric knee extension machine,https://aspirezoneqa.sharepoint.com/sites/Rehabilitation-ExerciseVideos/Shared Documents/Exercise and assessment video library/Exercises/Unclassified/Exercise Videos from VCP/Isometric knee extension machine.mp4
Isometric quadriceps at 60 deg with belt,https://aspirezoneqa.sharepoint.com/sites/Rehabilitation-ExerciseVideos/Shared Documents/Exercise and assessment video library/Exercises/Unclassified/Exercise Videos from VCP/Isometric quadriceps at 60 deg with belt.mp4
Isometric quadriceps at 90 degree with belt,https://aspirezoneqa.sharepoint.com/sites/Rehabilitation-ExerciseVideos/Shared Documents/Exercise and assessment video library/Exercises/Unclassified/Exercise Videos from VCP/Isometric quadriceps at 90 degree with belt.mp4
Jacobs ladder,https://aspirezoneqa.sharepoint.com/sites/Rehabilitation-ExerciseVideos/Shared Documents/Exercise and assessment video library/Exercises/Unclassified/Exercise Videos from VCP/Jacobs ladder.mp4
ISOMETRIC QUADRICEPS,https://aspirezoneqa.sharepoint.com/sites/Rehabilitation-ExerciseVideos/Shared Documents/Exercise and assessment video library/Exercises/Unclassified/Exercise Videos from VCP/ISOMETRIC QUADRICEPS.mp4
James Bond,https://aspirezoneqa.sharepoint.com/sites/Rehabilitation-ExerciseVideos/Shared Documents/Exercise and assessment video library/Exercises/Unclassified/Exercise Videos from VCP/James Bond.mp4
Jump down to soft surface,https://aspirezoneqa.sharepoint.com/sites/Rehabilitation-ExerciseVideos/Shared Documents/Exercise and assessment video library/Exercises/Unclassified/Exercise Videos from VCP/Jump down to soft surface.mp4
Keiser airdyne only hand,https://aspirezoneqa.sharepoint.com/sites/Rehabilitation-ExerciseVideos/Shared Documents/Exercise and assessment video library/Exercises/Unclassified/Exercise Videos from VCP/Keiser airdyne only hand.mp4
Jasenko's split squat,https://aspirezoneqa.sharepoint.com/sites/Rehabilitation-ExerciseVideos/Shared Documents/Exercise and assessment video library/Exercises/Unclassified/Exercise Videos from VCP/Jasenko's split squat.mp4
Keiser airdyne,https://aspirezoneqa.sharepoint.com/sites/Rehabilitation-ExerciseVideos/Shared Documents/Exercise and assessment video library/Exercises/Unclassified/Exercise Videos from VCP/Keiser airdyne.mp4
Keiser Lat Pulls,https://aspirezoneqa.sharepoint.com/sites/Rehabilitation-ExerciseVideos/Shared Documents/Exercise and assessment video library/Exercises/Unclassified/Exercise Videos from VCP/Keiser Lat Pulls.mp4
Keiser Inner Range Hamstring,https://aspirezoneqa.sharepoint.com/sites/Rehabilitation-ExerciseVideos/Shared Documents/Exercise and assessment video library/Exercises/Unclassified/Exercise Videos from VCP/Keiser Inner Range Hamstring.mp4
Keiser leg press fast CON,https://aspirezoneqa.sharepoint.com/sites/Rehabilitation-ExerciseVideos/Shared Documents/Exercise and assessment video library/Exercises/Unclassified/Exercise Videos from VCP/Keiser leg press fast CON.mp4
Keiser pallof press,https://aspirezoneqa.sharepoint.com/sites/Rehabilitation-ExerciseVideos/Shared Documents/Exercise and assessment video library/Exercises/Unclassified/Exercise Videos from VCP/Keiser pallof press.mp4
Keiser reverse fly's,https://aspirezoneqa.sharepoint.com/sites/Rehabilitation-ExerciseVideos/Shared Documents/Exercise and assessment video library/Exercises/Unclassified/Exercise Videos from VCP/Keiser reverse fly's.mp4
Keiser Straight arm trunk rotation in standing,https://aspirezoneqa.sharepoint.com/sites/Rehabilitation-ExerciseVideos/Shared Documents/Exercise and assessment video library/Exercises/Unclassified/Exercise Videos from VCP/Keiser Straight arm trunk rotation in standing.mp4
Keiser transverse pulls,https://aspirezoneqa.sharepoint.com/sites/Rehabilitation-ExerciseVideos/Shared Documents/Exercise and assessment video library/Exercises/Unclassified/Exercise Videos from VCP/Keiser transverse pulls.mp4
Keiser trunk side flexion,https://aspirezoneqa.sharepoint.com/sites/Rehabilitation-ExerciseVideos/Shared Documents/Exercise and assessment video library/Exercises/Unclassified/Exercise Videos from VCP/Keiser trunk side flexion.mp4
Keiser upward woodchop,https://aspirezoneqa.sharepoint.com/sites/Rehabilitation-ExerciseVideos/Shared Documents/Exercise and assessment video library/Exercises/Unclassified/Exercise Videos from VCP/Keiser upward woodchop.mp4
Kettlebell deadlift with band around knees,https://aspirezoneqa.sharepoint.com/sites/Rehabilitation-ExerciseVideos/Shared Documents/Exercise and assessment video library/Exercises/Unclassified/Exercise Videos from VCP/Kettlebell deadlift with band around knees.mp4
Kettlebell goblet squat with band around knees,https://aspirezoneqa.sharepoint.com/sites/Rehabilitation-ExerciseVideos/Shared Documents/Exercise and assessment video library/Exercises/Unclassified/Exercise Videos from VCP/Kettlebell goblet squat with band around knees.mp4
Kicking cross against wall,https://aspirezoneqa.sharepoint.com/sites/Rehabilitation-ExerciseVideos/Shared Documents/Exercise and assessment video library/Exercises/Unclassified/Exercise Videos from VCP/Kicking cross against wall.mp4
Knee curl machine sitting bilateral,https://aspirezoneqa.sharepoint.com/sites/Rehabilitation-ExerciseVideos/Shared Documents/Exercise and assessment video library/Exercises/Unclassified/Exercise Videos from VCP/Knee curl machine sitting bilateral.mp4
Knee curl machine sitting unilateral,https://aspirezoneqa.sharepoint.com/sites/Rehabilitation-ExerciseVideos/Shared Documents/Exercise and assessment video library/Exercises/Unclassified/Exercise Videos from VCP/Knee curl machine sitting unilateral.mp4
Knee extension machine bilateral concentric 90 to 0,https://aspirezoneqa.sharepoint.com/sites/Rehabilitation-ExerciseVideos/Shared Documents/Exercise and assessment video library/Exercises/Unclassified/Exercise Videos from VCP/Knee extension machine bilateral concentric 90 to 0.mp4
Knee extension machine isometric hold at 60 degrees,https://aspirezoneqa.sharepoint.com/sites/Rehabilitation-ExerciseVideos/Shared Documents/Exercise and assessment video library/Exercises/Unclassified/Exercise Videos from VCP/Knee extension machine isometric hold at 60 degrees.mp4
Knee extension machine unilateral concentric 90 to 0 degree,https://aspirezoneqa.sharepoint.com/sites/Rehabilitation-ExerciseVideos/Shared Documents/Exercise and assessment video library/Exercises/Unclassified/Exercise Videos from VCP/Knee extension machine unilateral concentric 90 to 0 degree.mp4
Knee extension squeezing Ball between legs,https://aspirezoneqa.sharepoint.com/sites/Rehabilitation-ExerciseVideos/Shared Documents/Exercise and assessment video library/Exercises/Unclassified/Exercise Videos from VCP/Knee extension squeezing Ball between legs.mp4
Knee flexion in standing supported,https://aspirezoneqa.sharepoint.com/sites/Rehabilitation-ExerciseVideos/Shared Documents/Exercise and assessment video library/Exercises/Unclassified/Exercise Videos from VCP/Knee flexion in standing supported.mp4
Knee flexion in prone active,https://aspirezoneqa.sharepoint.com/sites/Rehabilitation-ExerciseVideos/Shared Documents/Exercise and assessment video library/Exercises/Unclassified/Exercise Videos from VCP/Knee flexion in prone active.mp4
Knee flexion in standing unsupported,https://aspirezoneqa.sharepoint.com/sites/Rehabilitation-ExerciseVideos/Shared Documents/Exercise and assessment video library/Exercises/Unclassified/Exercise Videos from VCP/Knee flexion in standing unsupported.mp4
Knee flextion in standig with elastic resistance,https://aspirezoneqa.sharepoint.com/sites/Rehabilitation-ExerciseVideos/Shared Documents/Exercise and assessment video library/Exercises/Unclassified/Exercise Videos from VCP/Knee flextion in standig with elastic resistance.mp4
Knee flexion in standing with ankle weight,https://aspirezoneqa.sharepoint.com/sites/Rehabilitation-ExerciseVideos/Shared Documents/Exercise and assessment video library/Exercises/Unclassified/Exercise Videos from VCP/Knee flexion in standing with ankle weight.mp4
Knee to Elbow cross abdominal curl,https://aspirezoneqa.sharepoint.com/sites/Rehabilitation-ExerciseVideos/Shared Documents/Exercise and assessment video library/Exercises/Unclassified/Exercise Videos from VCP/Knee to Elbow cross abdominal curl.mp4
Knee terminal extension in standing active resisted elastic,https://aspirezoneqa.sharepoint.com/sites/Rehabilitation-ExerciseVideos/Shared Documents/Exercise and assessment video library/Exercises/Unclassified/Exercise Videos from VCP/Knee terminal extension in standing active resisted elastic.mp4
Knee terminal extension in standing active,https://aspirezoneqa.sharepoint.com/sites/Rehabilitation-ExerciseVideos/Shared Documents/Exercise and assessment video library/Exercises/Unclassified/Exercise Videos from VCP/Knee terminal extension in standing active.mp4
Kneeling Ball Throw,https://aspirezoneqa.sharepoint.com/sites/Rehabilitation-ExerciseVideos/Shared Documents/Exercise and assessment video library/Exercises/Unclassified/Exercise Videos from VCP/Kneeling Ball Throw.mp4
Kneeling Keiser High Rows,https://aspirezoneqa.sharepoint.com/sites/Rehabilitation-ExerciseVideos/Shared Documents/Exercise and assessment video library/Exercises/Unclassified/Exercise Videos from VCP/Kneeling Keiser High Rows.mp4
Kneeling thoracic extension and rotation needle thread with shoulder horizontal abduction adduction,https://aspirezoneqa.sharepoint.com/sites/Rehabilitation-ExerciseVideos/Shared Documents/Exercise and assessment video library/Exercises/Unclassified/Exercise Videos from VCP/Kneeling throacic exytension and rotation needle thread with shoulder horizontal abduction adduction.mp4
Ladder diagonal hop over 1 square,https://aspirezoneqa.sharepoint.com/sites/Rehabilitation-ExerciseVideos/Shared Documents/Exercise and assessment video library/Exercises/Unclassified/Exercise Videos from VCP/Ladder diagonal hop over 1 square.mp4
Ladder diagonal hop over 3 squares,https://aspirezoneqa.sharepoint.com/sites/Rehabilitation-ExerciseVideos/Shared Documents/Exercise and assessment video library/Exercises/Unclassified/Exercise Videos from VCP/Ladder diagonal hop over 3 squares.mp4
Ladder diagonal run very third square both feet,https://aspirezoneqa.sharepoint.com/sites/Rehabilitation-ExerciseVideos/Shared Documents/Exercise and assessment video library/Exercises/Unclassified/Exercise Videos from VCP/Ladder diagonal run very third square both feet.mp4
Ladder Hop Backwards,https://aspirezoneqa.sharepoint.com/sites/Rehabilitation-ExerciseVideos/Shared Documents/Exercise and assessment video library/Exercises/Unclassified/Exercise Videos from VCP/Ladder Hop Backwards.mp4
Ladder hop forward every second square,https://aspirezoneqa.sharepoint.com/sites/Rehabilitation-ExerciseVideos/Shared Documents/Exercise and assessment video library/Exercises/Unclassified/Exercise Videos from VCP/Ladder hop forward every second square.mp4
Ladder hop Forwards,https://aspirezoneqa.sharepoint.com/sites/Rehabilitation-ExerciseVideos/Shared Documents/Exercise and assessment video library/Exercises/Unclassified/Exercise Videos from VCP/Ladder hop Forwards.mp4
Ladder hop Medical,https://aspirezoneqa.sharepoint.com/sites/Rehabilitation-ExerciseVideos/Shared Documents/Exercise and assessment video library/Exercises/Unclassified/Exercise Videos from VCP/Ladder hop Medical.mp4
Ladder Hop with 90 deg rotation,https://aspirezoneqa.sharepoint.com/sites/Rehabilitation-ExerciseVideos/Shared Documents/Exercise and assessment video library/Exercises/Unclassified/Exercise Videos from VCP/Ladder Hop with 90 deg rotation.mp4
Ladder run forward both feet every square,https://aspirezoneqa.sharepoint.com/sites/Rehabilitation-ExerciseVideos/Shared Documents/Exercise and assessment video library/Exercises/Unclassified/Exercise Videos from VCP/Ladder run forward both feet every square.mp4
Ladder run forward one foot each square,https://aspirezoneqa.sharepoint.com/sites/Rehabilitation-ExerciseVideos/Shared Documents/Exercise and assessment video library/Exercises/Unclassified/Exercise Videos from VCP/Ladder run forward one foot each square.mp4
Ladder run forward stepping outside every third square left and right feet,https://aspirezoneqa.sharepoint.com/sites/Rehabilitation-ExerciseVideos/Shared Documents/Exercise and assessment video library/Exercises/Unclassified/Exercise Videos from VCP/Ladder run forward stepping outside every third square left and right feet.mp4
Ladder run forward stepping outside left and right feet,https://aspirezoneqa.sharepoint.com/sites/Rehabilitation-ExerciseVideos/Shared Documents/Exercise and assessment video library/Exercises/Unclassified/Exercise Videos from VCP/Ladder run forward stepping outside left and right feet.mp4
Ladder run sideways both feet every square,https://aspirezoneqa.sharepoint.com/sites/Rehabilitation-ExerciseVideos/Shared Documents/Exercise and assessment video library/Exercises/Unclassified/Exercise Videos from VCP/Ladder run sideways both feet every square.mp4
Ladder run sideways every third square,https://aspirezoneqa.sharepoint.com/sites/Rehabilitation-ExerciseVideos/Shared Documents/Exercise and assessment video library/Exercises/Unclassified/Exercise Videos from VCP/Ladder run sideways every third square.mp4
Ladder run sideways every second square,https://aspirezoneqa.sharepoint.com/sites/Rehabilitation-ExerciseVideos/Shared Documents/Exercise and assessment video library/Exercises/Unclassified/Exercise Videos from VCP/Ladder run sideways every second square.mp4
Ladder side hop repeat ito square,https://aspirezoneqa.sharepoint.com/sites/Rehabilitation-ExerciseVideos/Shared Documents/Exercise and assessment video library/Exercises/Unclassified/Exercise Videos from VCP/Ladder side hop repeat ito square.mp4
Ladder side hop repeat over square,https://aspirezoneqa.sharepoint.com/sites/Rehabilitation-ExerciseVideos/Shared Documents/Exercise and assessment video library/Exercises/Unclassified/Exercise Videos from VCP/Ladder side hop repeat over square.mp4
Landmine reverse lunge,https://aspirezoneqa.sharepoint.com/sites/Rehabilitation-ExerciseVideos/Shared Documents/Exercise and assessment video library/Exercises/Unclassified/Exercise Videos from VCP/Landmine reverse lunge.mp4
Landmine Shoulder press,https://aspirezoneqa.sharepoint.com/sites/Rehabilitation-ExerciseVideos/Shared Documents/Exercise and assessment video library/Exercises/Unclassified/Exercise Videos from VCP/Landmine Shoulder press.mp4
Lateral jump high knees,https://aspirezoneqa.sharepoint.com/sites/Rehabilitation-ExerciseVideos/Shared Documents/Exercise and assessment video library/Exercises/Unclassified/Exercise Videos from VCP/Lateral jump high knees.mp4
Lat pull down,https://aspirezoneqa.sharepoint.com/sites/Rehabilitation-ExerciseVideos/Shared Documents/Exercise and assessment video library/Exercises/Unclassified/Exercise Videos from VCP/Lat pull down.mp4
Lateral Hop with Tidal Tank,https://aspirezoneqa.sharepoint.com/sites/Rehabilitation-ExerciseVideos/Shared Documents/Exercise and assessment video library/Exercises/Unclassified/Exercise Videos from VCP/Lateral Hop with Tidal Tank.mp4
Lateral line Hopping,https://aspirezoneqa.sharepoint.com/sites/Rehabilitation-ExerciseVideos/Shared Documents/Exercise and assessment video library/Exercises/Unclassified/Exercise Videos from VCP/Lateral line Hopping.mp4
Lateral Lunge Dumbbell,https://aspirezoneqa.sharepoint.com/sites/Rehabilitation-ExerciseVideos/Shared Documents/Exercise and assessment video library/Exercises/Unclassified/Exercise Videos from VCP/Lateral Lunge Dumbbell.mp4
Lateral lunge slide,https://aspirezoneqa.sharepoint.com/sites/Rehabilitation-ExerciseVideos/Shared Documents/Exercise and assessment video library/Exercises/Unclassified/Exercise Videos from VCP/Lateral lunge slide.mp4
Lateral Lunge,https://aspirezoneqa.sharepoint.com/sites/Rehabilitation-ExerciseVideos/Shared Documents/Exercise and assessment video library/Exercises/Unclassified/Exercise Videos from VCP/Lateral Lunge.mp4
Lateral Push Off to Cone,https://aspirezoneqa.sharepoint.com/sites/Rehabilitation-ExerciseVideos/Shared Documents/Exercise and assessment video library/Exercises/Unclassified/Exercise Videos from VCP/Lateral Push Off to Cone.mp4
Lateral Push Off With Tidal tank,https://aspirezoneqa.sharepoint.com/sites/Rehabilitation-ExerciseVideos/Shared Documents/Exercise and assessment video library/Exercises/Unclassified/Exercise Videos from VCP/Lateral Push Off With Tidal tank.mp4
Lateral reach trunk sideflexion in standing,https://aspirezoneqa.sharepoint.com/sites/Rehabilitation-ExerciseVideos/Shared Documents/Exercise and assessment video library/Exercises/Unclassified/Exercise Videos from VCP/Lateral reach trunk sideflexion in standing.mp4
Laurent Sit Ups,https://aspirezoneqa.sharepoint.com/sites/Rehabilitation-ExerciseVideos/Shared Documents/Exercise and assessment video library/Exercises/Unclassified/Exercise Videos from VCP/Laurent Sit Ups.mp4
Lawn chair recined reach up and down overhead unresisted,https://aspirezoneqa.sharepoint.com/sites/Rehabilitation-ExerciseVideos/Shared Documents/Exercise and assessment video library/Exercises/Unclassified/Exercise Videos from VCP/Lawn chair recined reach up and down overhead unresisted.mp4
Leg Ext With Angle Weights,https://aspirezoneqa.sharepoint.com/sites/Rehabilitation-ExerciseVideos/Shared Documents/Exercise and assessment video library/Exercises/Unclassified/Exercise Videos from VCP/Leg Ext With Angle Weights.mp4
Leg press isometric hoild at 40 deg,https://aspirezoneqa.sharepoint.com/sites/Rehabilitation-ExerciseVideos/Shared Documents/Exercise and assessment video library/Exercises/Unclassified/Exercise Videos from VCP/Leg press isometric hoild at 40 deg.mp4
Leg extension full ROM,https://aspirezoneqa.sharepoint.com/sites/Rehabilitation-ExerciseVideos/Shared Documents/Exercise and assessment video library/Exercises/Unclassified/Exercise Videos from VCP/Leg extension full ROM.mp4
Leg press with heavy elastic self resisted slow,https://aspirezoneqa.sharepoint.com/sites/Rehabilitation-ExerciseVideos/Shared Documents/Exercise and assessment video library/Exercises/Unclassified/Exercise Videos from VCP/Leg press with heavy elastic self resisted slow.mp4
Leg press with heavy elastic self resisted,https://aspirezoneqa.sharepoint.com/sites/Rehabilitation-ExerciseVideos/Shared Documents/Exercise and assessment video library/Exercises/Unclassified/Exercise Videos from VCP/Leg press with heavy elastic self resisted.mp4
Leg Swing Front back,https://aspirezoneqa.sharepoint.com/sites/Rehabilitation-ExerciseVideos/Shared Documents/Exercise and assessment video library/Exercises/Unclassified/Exercise Videos from VCP/Leg Swing Front back.mp4
Leg swing Ab-Add leaning forward in standing,https://aspirezoneqa.sharepoint.com/sites/Rehabilitation-ExerciseVideos/Shared Documents/Exercise and assessment video library/Exercises/Unclassified/Exercise Videos from VCP/Leg swing Ab-Add leaning forward in standing.mp4
Line Hopping - Copy,https://aspirezoneqa.sharepoint.com/sites/Rehabilitation-ExerciseVideos/Shared Documents/Exercise and assessment video library/Exercises/Unclassified/Exercise Videos from VCP/Line Hopping - Copy.mp4
Line Hopping,https://aspirezoneqa.sharepoint.com/sites/Rehabilitation-ExerciseVideos/Shared Documents/Exercise and assessment video library/Exercises/Unclassified/Exercise Videos from VCP/Line Hopping.mp4
Long lever HS Bridge,https://aspirezoneqa.sharepoint.com/sites/Rehabilitation-ExerciseVideos/Shared Documents/Exercise and assessment video library/Exercises/Unclassified/Exercise Videos from VCP/Long lever HS Bridge.mp4
Lunge Rotation with Tidal Tank,https://aspirezoneqa.sharepoint.com/sites/Rehabilitation-ExerciseVideos/Shared Documents/Exercise and assessment video library/Exercises/Unclassified/Exercise Videos from VCP/Lunge Rotation with Tidal Tank.mp4
Lunge,https://aspirezoneqa.sharepoint.com/sites/Rehabilitation-ExerciseVideos/Shared Documents/Exercise and assessment video library/Exercises/Unclassified/Exercise Videos from VCP/Lunge.mp4
Manual Resisted Ankle Dorsiflexion,https://aspirezoneqa.sharepoint.com/sites/Rehabilitation-ExerciseVideos/Shared Documents/Exercise and assessment video library/Exercises/Unclassified/Exercise Videos from VCP/Manual Resisted Ankle Dorsiflexion.mp4
Manual Resisted Ankle Eversion,https://aspirezoneqa.sharepoint.com/sites/Rehabilitation-ExerciseVideos/Shared Documents/Exercise and assessment video library/Exercises/Unclassified/Exercise Videos from VCP/Manual Resisted Ankle Eversion.mp4
Manual Resisted Ankle Inversion,https://aspirezoneqa.sharepoint.com/sites/Rehabilitation-ExerciseVideos/Shared Documents/Exercise and assessment video library/Exercises/Unclassified/Exercise Videos from VCP/Manual Resisted Ankle Inversion.mp4
Manual resisted hamstring mid range,https://aspirezoneqa.sharepoint.com/sites/Rehabilitation-ExerciseVideos/Shared Documents/Exercise and assessment video library/Exercises/Unclassified/Exercise Videos from VCP/Manual resisted hamstring mid range.mp4
Manual resisted hip flexion in 90 deg,https://aspirezoneqa.sharepoint.com/sites/Rehabilitation-ExerciseVideos/Shared Documents/Exercise and assessment video library/Exercises/Unclassified/Exercise Videos from VCP/Manual resisted hip flexion in 90 deg.mp4
Matrix stairmaster,https://aspirezoneqa.sharepoint.com/sites/Rehabilitation-ExerciseVideos/Shared Documents/Exercise and assessment video library/Exercises/Unclassified/Exercise Videos from VCP/Matrix stairmaster.mp4
Med Ball chest wall slam,https://aspirezoneqa.sharepoint.com/sites/Rehabilitation-ExerciseVideos/Shared Documents/Exercise and assessment video library/Exercises/Unclassified/Exercise Videos from VCP/Med Ball chest wall slam.mp4
Med ball single hand push,https://aspirezoneqa.sharepoint.com/sites/Rehabilitation-ExerciseVideos/Shared Documents/Exercise and assessment video library/Exercises/Unclassified/Exercise Videos from VCP/Med ball single hand push.mp4
Medball chest pass,https://aspirezoneqa.sharepoint.com/sites/Rehabilitation-ExerciseVideos/Shared Documents/Exercise and assessment video library/Exercises/Unclassified/Exercise Videos from VCP/Medball chest pass.mp4
MedBall Lateral Control,https://aspirezoneqa.sharepoint.com/sites/Rehabilitation-ExerciseVideos/Shared Documents/Exercise and assessment video library/Exercises/Unclassified/Exercise Videos from VCP/MedBall Lateral Control.mp4
Medball oblique throws,https://aspirezoneqa.sharepoint.com/sites/Rehabilitation-ExerciseVideos/Shared Documents/Exercise and assessment video library/Exercises/Unclassified/Exercise Videos from VCP/Medball oblique throws.mp4
Medball overhead pass,https://aspirezoneqa.sharepoint.com/sites/Rehabilitation-ExerciseVideos/Shared Documents/Exercise and assessment video library/Exercises/Unclassified/Exercise Videos from VCP/Medball overhead pass.mp4
Medball Push Up Mountain Climber,https://aspirezoneqa.sharepoint.com/sites/Rehabilitation-ExerciseVideos/Shared Documents/Exercise and assessment video library/Exercises/Unclassified/Exercise Videos from VCP/Medball Push Up Mountain Climber.mp4
Medball Vertical throw,https://aspirezoneqa.sharepoint.com/sites/Rehabilitation-ExerciseVideos/Shared Documents/Exercise and assessment video library/Exercises/Unclassified/Exercise Videos from VCP/Medball Vertical throw.mp4
Median Nerve Floss,https://aspirezoneqa.sharepoint.com/sites/Rehabilitation-ExerciseVideos/Shared Documents/Exercise and assessment video library/Exercises/Unclassified/Exercise Videos from VCP/Median Nerve Floss.mp4
MHFAKE- Extension,https://aspirezoneqa.sharepoint.com/sites/Rehabilitation-ExerciseVideos/Shared Documents/Exercise and assessment video library/Exercises/Unclassified/Exercise Videos from VCP/MHFAKE- Extension.mp4
Mini Lateral Step Down,https://aspirezoneqa.sharepoint.com/sites/Rehabilitation-ExerciseVideos/Shared Documents/Exercise and assessment video library/Exercises/Unclassified/Exercise Videos from VCP/Mini lateral step down.mp4
Mini Box squat,https://aspirezoneqa.sharepoint.com/sites/Rehabilitation-ExerciseVideos/Shared Documents/Exercise and assessment video library/Exercises/Unclassified/Exercise Videos from VCP/Mini Box squat.mp4
Mini Box squat facing the wall,https://aspirezoneqa.sharepoint.com/sites/Rehabilitation-ExerciseVideos/Shared Documents/Exercise and assessment video library/Exercises/Unclassified/Exercise Videos from VCP/Mini Box squat facing the wall.mp4
Mini lunge backwards,https://aspirezoneqa.sharepoint.com/sites/Rehabilitation-ExerciseVideos/Shared Documents/Exercise and assessment video library/Exercises/Unclassified/Exercise Videos from VCP/Mini lunge backwards.mp4
Mini lunge,https://aspirezoneqa.sharepoint.com/sites/Rehabilitation-ExerciseVideos/Shared Documents/Exercise and assessment video library/Exercises/Unclassified/Exercise Videos from VCP/Mini lunge.mp4
Mini lunge forward,https://aspirezoneqa.sharepoint.com/sites/Rehabilitation-ExerciseVideos/Shared Documents/Exercise and assessment video library/Exercises/Unclassified/Exercise Videos from VCP/Mini lunge forward.mp4
Mini squat with elastic band,https://aspirezoneqa.sharepoint.com/sites/Rehabilitation-ExerciseVideos/Shared Documents/Exercise and assessment video library/Exercises/Unclassified/Exercise Videos from VCP/Mini squat with elastic band.mp4
Mini squat,https://aspirezoneqa.sharepoint.com/sites/Rehabilitation-ExerciseVideos/Shared Documents/Exercise and assessment video library/Exercises/Unclassified/Exercise Videos from VCP/Mini squat.mp4
Modified T- Test,https://aspirezoneqa.sharepoint.com/sites/Rehabilitation-ExerciseVideos/Shared Documents/Exercise and assessment video library/Exercises/Unclassified/Exercise Videos from VCP/Modified T- Test.mp4
Monster walk backwards elasic,https://aspirezoneqa.sharepoint.com/sites/Rehabilitation-ExerciseVideos/Shared Documents/Exercise and assessment video library/Exercises/Unclassified/Exercise Videos from VCP/Monster walk backwards elasic.mp4
Monster walk forwards elastic,https://aspirezoneqa.sharepoint.com/sites/Rehabilitation-ExerciseVideos/Shared Documents/Exercise and assessment video library/Exercises/Unclassified/Exercise Videos from VCP/Monster walk forwards elastic.mp4
Mountain Climber,https://aspirezoneqa.sharepoint.com/sites/Rehabilitation-ExerciseVideos/Shared Documents/Exercise and assessment video library/Exercises/Unclassified/Exercise Videos from VCP/Mountain Climber.mp4
Multidirectional lunges,https://aspirezoneqa.sharepoint.com/sites/Rehabilitation-ExerciseVideos/Shared Documents/Exercise and assessment video library/Exercises/Unclassified/Exercise Videos from VCP/Multidirectional lunges.mp4
Neck Ext,https://aspirezoneqa.sharepoint.com/sites/Rehabilitation-ExerciseVideos/Shared Documents/Exercise and assessment video library/Exercises/Spine-Trunk/Cervical/Neck Ext.mp4
Neck Lat. Flex,https://aspirezoneqa.sharepoint.com/sites/Rehabilitation-ExerciseVideos/Shared Documents/Exercise and assessment video library/Exercises/Spine-Trunk/Cervical/Neck Lat. Flex.mp4
Nordic HS Curl,https://aspirezoneqa.sharepoint.com/sites/Rehabilitation-ExerciseVideos/Shared Documents/Exercise and assessment video library/Exercises/Unclassified/Exercise Videos from VCP/Nordic HS Curl.mp4
Nordic HS,https://aspirezoneqa.sharepoint.com/sites/Rehabilitation-ExerciseVideos/Shared Documents/Exercise and assessment video library/Exercises/Unclassified/Exercise Videos from VCP/Nordic HS.mp4
NU STEP (2),https://aspirezoneqa.sharepoint.com/sites/Rehabilitation-ExerciseVideos/Shared Documents/Exercise and assessment video library/Exercises/Unclassified/Exercise Videos from VCP/NU STEP (2).mp4
NU Step,https://aspirezoneqa.sharepoint.com/sites/Rehabilitation-ExerciseVideos/Shared Documents/Exercise and assessment video library/Exercises/Unclassified/Exercise Videos from VCP/NU Step.mp4
One leg balance with mini squat eyes closed,https://aspirezoneqa.sharepoint.com/sites/Rehabilitation-ExerciseVideos/Shared Documents/Exercise and assessment video library/Exercises/Unclassified/Exercise Videos from VCP/One leg balance with mini squat eyes closed.mp4
One leg balance with mini squat on unstable surface,https://aspirezoneqa.sharepoint.com/sites/Rehabilitation-ExerciseVideos/Shared Documents/Exercise and assessment video library/Exercises/Unclassified/Exercise Videos from VCP/One leg balance with mini squat on unstable surface.mp4
One leg balance with mini squat,https://aspirezoneqa.sharepoint.com/sites/Rehabilitation-ExerciseVideos/Shared Documents/Exercise and assessment video library/Exercises/Unclassified/Exercise Videos from VCP/One leg balance with mini squat.mp4
Overhead Medball Dribbles,https://aspirezoneqa.sharepoint.com/sites/Rehabilitation-ExerciseVideos/Shared Documents/Exercise and assessment video library/Exercises/Unclassified/Exercise Videos from VCP/Overhead Medball Dribbles.mp4
Overhead Medball Sit Up Combo,https://aspirezoneqa.sharepoint.com/sites/Rehabilitation-ExerciseVideos/Shared Documents/Exercise and assessment video library/Exercises/Unclassified/Exercise Videos from VCP/Overhead Medball Sit Up Combo.mp4
Overhead Medball Wall Throws,https://aspirezoneqa.sharepoint.com/sites/Rehabilitation-ExerciseVideos/Shared Documents/Exercise and assessment video library/Exercises/Unclassified/Exercise Videos from VCP/Overhead Medball Wall Throws.mp4
Paddling -Log,https://aspirezoneqa.sharepoint.com/sites/Rehabilitation-ExerciseVideos/Shared Documents/Exercise and assessment video library/Exercises/Unclassified/Exercise Videos from VCP/Paddling -Log.mp4
Pallof Press- Elastic,https://aspirezoneqa.sharepoint.com/sites/Rehabilitation-ExerciseVideos/Shared Documents/Exercise and assessment video library/Exercises/Unclassified/Exercise Videos from VCP/Pallof Press- Elastic.mp4
PALLOF PRESS,https://aspirezoneqa.sharepoint.com/sites/Rehabilitation-ExerciseVideos/Shared Documents/Exercise and assessment video library/Exercises/Unclassified/Exercise Videos from VCP/PALLOF PRESS.mp4
Pallof press cable in quarter squat,https://aspirezoneqa.sharepoint.com/sites/Rehabilitation-ExerciseVideos/Shared Documents/Exercise and assessment video library/Exercises/Unclassified/Exercise Videos from VCP/Pallof press cable in quarter squat.mp4
Pallof Rotations-Elastic,https://aspirezoneqa.sharepoint.com/sites/Rehabilitation-ExerciseVideos/Shared Documents/Exercise and assessment video library/Exercises/Unclassified/Exercise Videos from VCP/Pallof Rotations-Elastic.mp4
Passive ankle dorsiflexion with towel in half lying,https://aspirezoneqa.sharepoint.com/sites/Rehabilitation-ExerciseVideos/Shared Documents/Exercise and assessment video library/Exercises/Unclassified/Exercise Videos from VCP/Passive ankle dorsiflexion with towel in half lying.mp4
Passive extension in sitting using uninvolved leg,https://aspirezoneqa.sharepoint.com/sites/Rehabilitation-ExerciseVideos/Shared Documents/Exercise and assessment video library/Exercises/Unclassified/Exercise Videos from VCP/Passive extension in sitting using uninvolved leg.mp4
Passive flexion in sitting using uninvolved leg,https://aspirezoneqa.sharepoint.com/sites/Rehabilitation-ExerciseVideos/Shared Documents/Exercise and assessment video library/Exercises/Unclassified/Exercise Videos from VCP/Passive flexion in sitting using uninvolved leg.mp4
Passive insteps against wall,https://aspirezoneqa.sharepoint.com/sites/Rehabilitation-ExerciseVideos/Shared Documents/Exercise and assessment video library/Exercises/Unclassified/Exercise Videos from VCP/Passive insteps against wall.mp4
Passive knee extension with towel in half lying,https://aspirezoneqa.sharepoint.com/sites/Rehabilitation-ExerciseVideos/Shared Documents/Exercise and assessment video library/Exercises/Unclassified/Exercise Videos from VCP/Passive knee extension with towel in half lying.mp4
Passive knee extension,https://aspirezoneqa.sharepoint.com/sites/Rehabilitation-ExerciseVideos/Shared Documents/Exercise and assessment video library/Exercises/Unclassified/Exercise Videos from VCP/Passive knee extension.mp4
PASSIVE KNEE FLEXION SITTING OFF THE BED,https://aspirezoneqa.sharepoint.com/sites/Rehabilitation-ExerciseVideos/Shared Documents/Exercise and assessment video library/Exercises/Unclassified/Exercise Videos from VCP/PASSIVE KNEE FLEXION SITTING OFF THE BED.mp4
Pelvic tilt in standing,https://aspirezoneqa.sharepoint.com/sites/Rehabilitation-ExerciseVideos/Shared Documents/Exercise and assessment video library/Exercises/Unclassified/Exercise Videos from VCP/Pelvic tilt in standing.mp4
Pelvic tilt in supine,https://aspirezoneqa.sharepoint.com/sites/Rehabilitation-ExerciseVideos/Shared Documents/Exercise and assessment video library/Exercises/Unclassified/Exercise Videos from VCP/Pelvic tilt in supine.mp4
Patella mobilasation,https://aspirezoneqa.sharepoint.com/sites/Rehabilitation-ExerciseVideos/Shared Documents/Exercise and assessment video library/Exercises/Unclassified/Exercise Videos from VCP/Patella mobilasation.mp4
Plank mountain climb,https://aspirezoneqa.sharepoint.com/sites/Rehabilitation-ExerciseVideos/Shared Documents/Exercise and assessment video library/Exercises/Unclassified/Exercise Videos from VCP/Plank mountain climb.mp4
Pike side sit up,https://aspirezoneqa.sharepoint.com/sites/Rehabilitation-ExerciseVideos/Shared Documents/Exercise and assessment video library/Exercises/Unclassified/Exercise Videos from VCP/Pike side sit up.mp4
Plank on Swiss ball with ball peturbation,https://aspirezoneqa.sharepoint.com/sites/Rehabilitation-ExerciseVideos/Shared Documents/Exercise and assessment video library/Exercises/Unclassified/Exercise Videos from VCP/Plank on Swiss ball with ball peturbation.mp4
Plank on swiss ball with shoulder perturbation,https://aspirezoneqa.sharepoint.com/sites/Rehabilitation-ExerciseVideos/Shared Documents/Exercise and assessment video library/Exercises/Unclassified/Exercise Videos from VCP/Plank on swiss ball with shoulder perturbation.mp4
Plank,https://aspirezoneqa.sharepoint.com/sites/Rehabilitation-ExerciseVideos/Shared Documents/Exercise and assessment video library/Exercises/Unclassified/Exercise Videos from VCP/Plank.mp4
Posterior slide lunge,https://aspirezoneqa.sharepoint.com/sites/Rehabilitation-ExerciseVideos/Shared Documents/Exercise and assessment video library/Exercises/Unclassified/Exercise Videos from VCP/Posterior slide lunge.mp4
Powerband row Low elbows in standing,https://aspirezoneqa.sharepoint.com/sites/Rehabilitation-ExerciseVideos/Shared Documents/Exercise and assessment video library/Exercises/Unclassified/Exercise Videos from VCP/Powerband row Low elbows in standing.mp4
Prone banded hamstring knee curl,https://aspirezoneqa.sharepoint.com/sites/Rehabilitation-ExerciseVideos/Shared Documents/Exercise and assessment video library/Exercises/Unclassified/Exercise Videos from VCP/Prone banded hamstring knee curl.mp4
Prone HS Curl,https://aspirezoneqa.sharepoint.com/sites/Rehabilitation-ExerciseVideos/Shared Documents/Exercise and assessment video library/Exercises/Unclassified/Exercise Videos from VCP/Prone HS Curl.mp4
Prone inner range elastic hip internal rotation,https://aspirezoneqa.sharepoint.com/sites/Rehabilitation-ExerciseVideos/Shared Documents/Exercise and assessment video library/Exercises/Unclassified/Exercise Videos from VCP/Prone inner range elastic hip internal rotation.mp4
Prone knee bend on stretch,https://aspirezoneqa.sharepoint.com/sites/Rehabilitation-ExerciseVideos/Shared Documents/Exercise and assessment video library/Exercises/Unclassified/Exercise Videos from VCP/Prone knee bend on stretch.mp4
Prone Inner Range manual resisted hip External Rotation,https://aspirezoneqa.sharepoint.com/sites/Rehabilitation-ExerciseVideos/Shared Documents/Exercise and assessment video library/Exercises/Unclassified/Exercise Videos from VCP/Prone Inner Range External Rotation.mp4
Prone knee flexion active assiated,https://aspirezoneqa.sharepoint.com/sites/Rehabilitation-ExerciseVideos/Shared Documents/Exercise and assessment video library/Exercises/Unclassified/Exercise Videos from VCP/Prone knee flexion active assiated.mp4
Prone knee flexion with ankle weight,https://aspirezoneqa.sharepoint.com/sites/Rehabilitation-ExerciseVideos/Shared Documents/Exercise and assessment video library/Exercises/Unclassified/Exercise Videos from VCP/Prone knee flexion with ankle weight.mp4
Prone knee hang stretch with weight,https://aspirezoneqa.sharepoint.com/sites/Rehabilitation-ExerciseVideos/Shared Documents/Exercise and assessment video library/Exercises/Unclassified/Exercise Videos from VCP/Prone knee hang stretch with weight.mp4
Prone Knee Flexion,https://aspirezoneqa.sharepoint.com/sites/Rehabilitation-ExerciseVideos/Shared Documents/Exercise and assessment video library/Exercises/Unclassified/Exercise Videos from VCP/Prone Knee Flexion.mp4
Prone knee hang stretch,https://aspirezoneqa.sharepoint.com/sites/Rehabilitation-ExerciseVideos/Shared Documents/Exercise and assessment video library/Exercises/Unclassified/Exercise Videos from VCP/Prone knee hang stretch.mp4
Prone Swiss ball bilateral impact landing onto arm overhead,https://aspirezoneqa.sharepoint.com/sites/Rehabilitation-ExerciseVideos/Shared Documents/Exercise and assessment video library/Exercises/Unclassified/Exercise Videos from VCP/Prone Swiss ball bilateral impact landing onto arm overhead.mp4
Prone Swiss ball unilateral impact landing onto arms overhead,https://aspirezoneqa.sharepoint.com/sites/Rehabilitation-ExerciseVideos/Shared Documents/Exercise and assessment video library/Exercises/Unclassified/Exercise Videos from VCP/Prone Swiss ball unilateral impact landing onto arms overhead.mp4
Prone knee hang,https://aspirezoneqa.sharepoint.com/sites/Rehabilitation-ExerciseVideos/Shared Documents/Exercise and assessment video library/Exercises/Unclassified/Exercise Videos from VCP/Prone knee hang.mp4
Proprioception- Air Ex,https://aspirezoneqa.sharepoint.com/sites/Rehabilitation-ExerciseVideos/Shared Documents/Exercise and assessment video library/Exercises/Unclassified/Exercise Videos from VCP/Proprioception- Air Ex.mp4
Proprioception- Ground and closed eyes,https://aspirezoneqa.sharepoint.com/sites/Rehabilitation-ExerciseVideos/Shared Documents/Exercise and assessment video library/Exercises/Unclassified/Exercise Videos from VCP/Proprioception- Ground and closed eyes.mp4
Proprioception- Bosu,https://aspirezoneqa.sharepoint.com/sites/Rehabilitation-ExerciseVideos/Shared Documents/Exercise and assessment video library/Exercises/Unclassified/Exercise Videos from VCP/Proprioception- Bosu.mp4
Proprioception- Tampoline,https://aspirezoneqa.sharepoint.com/sites/Rehabilitation-ExerciseVideos/Shared Documents/Exercise and assessment video library/Exercises/Unclassified/Exercise Videos from VCP/Proprioception- Tampoline.mp4
Push UP,https://aspirezoneqa.sharepoint.com/sites/Rehabilitation-ExerciseVideos/Shared Documents/Exercise and assessment video library/Exercises/Unclassified/Exercise Videos from VCP/Push UP.mp4
Pushup Hold,https://aspirezoneqa.sharepoint.com/sites/Rehabilitation-ExerciseVideos/Shared Documents/Exercise and assessment video library/Exercises/Unclassified/Exercise Videos from VCP/Pushup Hold.mp4
Quadricep contraction in standing,https://aspirezoneqa.sharepoint.com/sites/Rehabilitation-ExerciseVideos/Shared Documents/Exercise and assessment video library/Exercises/Unclassified/Exercise Videos from VCP/Quadricep contraction in standing.mp4
Quadriceps open chain knee extension with elastic,https://aspirezoneqa.sharepoint.com/sites/Rehabilitation-ExerciseVideos/Shared Documents/Exercise and assessment video library/Exercises/Unclassified/Exercise Videos from VCP/Quadriceps open chain knee extension with elastic.mp4
Quadriceps open chain knee extension with BFR,https://aspirezoneqa.sharepoint.com/sites/Rehabilitation-ExerciseVideos/Shared Documents/Exercise and assessment video library/Exercises/Unclassified/Exercise Videos from VCP/Quadriceps open chain knee extension with BFR.mp4
Rapid hamstring curl slides.,https://aspirezoneqa.sharepoint.com/sites/Rehabilitation-ExerciseVideos/Shared Documents/Exercise and assessment video library/Exercises/Unclassified/Exercise Videos from VCP/Rapid hamstring curl slides..mp4
Resisted FWD Running,https://aspirezoneqa.sharepoint.com/sites/Rehabilitation-ExerciseVideos/Shared Documents/Exercise and assessment video library/Exercises/Unclassified/Exercise Videos from VCP/Resisted FWD Running.mp4
Recline Bike,https://aspirezoneqa.sharepoint.com/sites/Rehabilitation-ExerciseVideos/Shared Documents/Exercise and assessment video library/Exercises/Unclassified/Exercise Videos from VCP/Recline Bike.mp4
Resisted knee extension from 90 to 45 concentric bilateral,https://aspirezoneqa.sharepoint.com/sites/Rehabilitation-ExerciseVideos/Shared Documents/Exercise and assessment video library/Exercises/Unclassified/Exercise Videos from VCP/Resisted knee extension from 90 to 45 concentric bilateral.mp4
Resisted Plantar Flexion with Theraband,https://aspirezoneqa.sharepoint.com/sites/Rehabilitation-ExerciseVideos/Shared Documents/Exercise and assessment video library/Exercises/Unclassified/Exercise Videos from VCP/Resisted Plantar Flexion with Theraband.mp4
Resisted plantarflexion with theraband,https://aspirezoneqa.sharepoint.com/sites/Rehabilitation-ExerciseVideos/Shared Documents/Exercise and assessment video library/Exercises/Unclassified/Exercise Videos from VCP/Resisted plantarflexion with theraband.mp4
Resisted sprints,https://aspirezoneqa.sharepoint.com/sites/Rehabilitation-ExerciseVideos/Shared Documents/Exercise and assessment video library/Exercises/Unclassified/Exercise Videos from VCP/Resisted sprints.mp4
Reverse Lunge,https://aspirezoneqa.sharepoint.com/sites/Rehabilitation-ExerciseVideos/Shared Documents/Exercise and assessment video library/Exercises/Unclassified/Exercise Videos from VCP/Reverse Lunge.mp4
Reverse Nordic with belt,https://aspirezoneqa.sharepoint.com/sites/Rehabilitation-ExerciseVideos/Shared Documents/Exercise and assessment video library/Exercises/Unclassified/Exercise Videos from VCP/Reverse Nordic with belt.mp4
Reverse Nordic,https://aspirezoneqa.sharepoint.com/sites/Rehabilitation-ExerciseVideos/Shared Documents/Exercise and assessment video library/Exercises/Unclassified/Exercise Videos from VCP/Reverse Nordic.mp4
Robbery trunk extension with unilateral shoulder external rotation by side in standing,https://aspirezoneqa.sharepoint.com/sites/Rehabilitation-ExerciseVideos/Shared Documents/Exercise and assessment video library/Exercises/Unclassified/Exercise Videos from VCP/Robbery trunk extension with unilateral shoulder external rotation by side in standing.mp4
Rotation chop,https://aspirezoneqa.sharepoint.com/sites/Rehabilitation-ExerciseVideos/Shared Documents/Exercise and assessment video library/Exercises/Unclassified/Exercise Videos from VCP/Rotation chop.mp4
Row chops,https://aspirezoneqa.sharepoint.com/sites/Rehabilitation-ExerciseVideos/Shared Documents/Exercise and assessment video library/Exercises/Unclassified/Exercise Videos from VCP/Row chops.mp4
Rower,https://aspirezoneqa.sharepoint.com/sites/Rehabilitation-ExerciseVideos/Shared Documents/Exercise and assessment video library/Exercises/Unclassified/Exercise Videos from VCP/Rower.mp4
Rowing,https://aspirezoneqa.sharepoint.com/sites/Rehabilitation-ExerciseVideos/Shared Documents/Exercise and assessment video library/Exercises/Unclassified/Exercise Videos from VCP/Rowing.mp4
Russian Twist Ball Throws,https://aspirezoneqa.sharepoint.com/sites/Rehabilitation-ExerciseVideos/Shared Documents/Exercise and assessment video library/Exercises/Unclassified/Exercise Videos from VCP/Russian Twist Ball Throws.mp4
Russian Twist(No weight),https://aspirezoneqa.sharepoint.com/sites/Rehabilitation-ExerciseVideos/Shared Documents/Exercise and assessment video library/Exercises/Unclassified/Exercise Videos from VCP/Russian Twist(No weight).mp4
Russian Twist,https://aspirezoneqa.sharepoint.com/sites/Rehabilitation-ExerciseVideos/Shared Documents/Exercise and assessment video library/Exercises/Unclassified/Exercise Videos from VCP/Russian Twist.mp4
Russian Twists-Straight Legs,https://aspirezoneqa.sharepoint.com/sites/Rehabilitation-ExerciseVideos/Shared Documents/Exercise and assessment video library/Exercises/Unclassified/Exercise Videos from VCP/Russian Twists-Straight Legs.mp4
Seated band hamstring curls,https://aspirezoneqa.sharepoint.com/sites/Rehabilitation-ExerciseVideos/Shared Documents/Exercise and assessment video library/Exercises/Unclassified/Exercise Videos from VCP/Seated band hamstring curls.mp4
Seated cable row,https://aspirezoneqa.sharepoint.com/sites/Rehabilitation-ExerciseVideos/Shared Documents/Exercise and assessment video library/Exercises/Unclassified/Exercise Videos from VCP/Seated cable row.mp4
Seated good morning,https://aspirezoneqa.sharepoint.com/sites/Rehabilitation-ExerciseVideos/Shared Documents/Exercise and assessment video library/Exercises/Unclassified/Exercise Videos from VCP/Seated good morning.mp4
Seated calf raise BL,https://aspirezoneqa.sharepoint.com/sites/Rehabilitation-ExerciseVideos/Shared Documents/Exercise and assessment video library/Exercises/Unclassified/Exercise Videos from VCP/Seated calf raise BL.mp4
Seated Calf raise SL,https://aspirezoneqa.sharepoint.com/sites/Rehabilitation-ExerciseVideos/Shared Documents/Exercise and assessment video library/Exercises/Unclassified/Exercise Videos from VCP/Seated Calf raise SL.mp4
Seated HS Curl,https://aspirezoneqa.sharepoint.com/sites/Rehabilitation-ExerciseVideos/Shared Documents/Exercise and assessment video library/Exercises/Unclassified/Exercise Videos from VCP/Seated HS Curl.mp4
Seated landmine shoulder press,https://aspirezoneqa.sharepoint.com/sites/Rehabilitation-ExerciseVideos/Shared Documents/Exercise and assessment video library/Exercises/Unclassified/Exercise Videos from VCP/Seated landmine shoulder press.mp4
Seated landmine alternating shoulder press,https://aspirezoneqa.sharepoint.com/sites/Rehabilitation-ExerciseVideos/Shared Documents/Exercise and assessment video library/Exercises/Unclassified/Exercise Videos from VCP/Seated landmine alternating shoulder press.mp4
Seated lat.raise,https://aspirezoneqa.sharepoint.com/sites/Rehabilitation-ExerciseVideos/Shared Documents/Exercise and assessment video library/Exercises/Unclassified/Exercise Videos from VCP/Seated lat.raise.mp4
Seated single Leg Box Jump,https://aspirezoneqa.sharepoint.com/sites/Rehabilitation-ExerciseVideos/Shared Documents/Exercise and assessment video library/Exercises/Unclassified/Exercise Videos from VCP/Seated single Leg Box Jump.mp4
Seated Medball Back pass,https://aspirezoneqa.sharepoint.com/sites/Rehabilitation-ExerciseVideos/Shared Documents/Exercise and assessment video library/Exercises/Unclassified/Exercise Videos from VCP/Seated Medball Back pass.mp4
Seated spinning,https://aspirezoneqa.sharepoint.com/sites/Rehabilitation-ExerciseVideos/Shared Documents/Exercise and assessment video library/Exercises/Unclassified/Exercise Videos from VCP/Seated spinning.mp4
Seated Ski Erg bilateral pull downs,https://aspirezoneqa.sharepoint.com/sites/Rehabilitation-ExerciseVideos/Shared Documents/Exercise and assessment video library/Exercises/Unclassified/Exercise Videos from VCP/Seated Ski Erg bilateral pull downs.mp4
Shoulder assisted flexion finger wall walking 2,https://aspirezoneqa.sharepoint.com/sites/Rehabilitation-ExerciseVideos/Shared Documents/Exercise and assessment video library/Exercises/Upper Body/Shoulder/Shoulder assisted flexion finger wall walking 2.mp4
Self assisted Prone knee flexion,https://aspirezoneqa.sharepoint.com/sites/Rehabilitation-ExerciseVideos/Shared Documents/Exercise and assessment video library/Exercises/Unclassified/Exercise Videos from VCP/Self assisted Prone knee flexion.mp4
Shoulder isometric internal rotation at 30 abduction,https://aspirezoneqa.sharepoint.com/sites/Rehabilitation-ExerciseVideos/Shared Documents/Exercise and assessment video library/Exercises/Upper Body/Shoulder/Shoulder isometric internal rotation at 30 abduction.mp4
Shoulder cable pallof press in split stance,https://aspirezoneqa.sharepoint.com/sites/Rehabilitation-ExerciseVideos/Shared Documents/Exercise and assessment video library/Exercises/Upper Body/Shoulder/Shoulder cable pallof press in split stance.mp4
Shoulder AC shrug with elastic,https://aspirezoneqa.sharepoint.com/sites/Rehabilitation-ExerciseVideos/Shared Documents/Exercise and assessment video library/Exercises/Upper Body/Shoulder/Shoulder AC shrug with elastic.mp4
Shoulder active assisted abduction swiss ball,https://aspirezoneqa.sharepoint.com/sites/Rehabilitation-ExerciseVideos/Shared Documents/Exercise and assessment video library/Exercises/Upper Body/Shoulder/Shoulder active assisted abduction swiss ball.mp4
Shoulder active assisted flexion roller table,https://aspirezoneqa.sharepoint.com/sites/Rehabilitation-ExerciseVideos/Shared Documents/Exercise and assessment video library/Exercises/Upper Body/Shoulder/Shoulder active assisted flexion roller table.mp4
Shoulder active assisted flexion swiss ball,https://aspirezoneqa.sharepoint.com/sites/Rehabilitation-ExerciseVideos/Shared Documents/Exercise and assessment video library/Exercises/Upper Body/Shoulder/Shoulder active assisted flexion swiss ball.mp4
Shoulder active assisted flexion wall slide,https://aspirezoneqa.sharepoint.com/sites/Rehabilitation-ExerciseVideos/Shared Documents/Exercise and assessment video library/Exercises/Upper Body/Shoulder/Shoulder active assisted flexion wall slide.mp4
Shoulder active assisted flexion table slide,https://aspirezoneqa.sharepoint.com/sites/Rehabilitation-ExerciseVideos/Shared Documents/Exercise and assessment video library/Exercises/Upper Body/Shoulder/Shoulder active assisted flexion table slide.mp4
Shoulder active rotation at 90 abduction supine,https://aspirezoneqa.sharepoint.com/sites/Rehabilitation-ExerciseVideos/Shared Documents/Exercise and assessment video library/Exercises/Upper Body/Shoulder/Shoulder active rotation at 90 abduction supine.mp4
Shoulder active rotation at 45 abduction supine,https://aspirezoneqa.sharepoint.com/sites/Rehabilitation-ExerciseVideos/Shared Documents/Exercise and assessment video library/Exercises/Upper Body/Shoulder/Shoulder active rotation at 45 abduction supine.mp4
Shoulder assisted flexion finger wall walking,https://aspirezoneqa.sharepoint.com/sites/Rehabilitation-ExerciseVideos/Shared Documents/Exercise and assessment video library/Exercises/Upper Body/Shoulder/Shoulder assisted flexion finger wall walking.mp4
Shoulder Bilateral ER Abduction band behind back with backward stepps,https://aspirezoneqa.sharepoint.com/sites/Rehabilitation-ExerciseVideos/Shared Documents/Exercise and assessment video library/Exercises/Upper Body/Shoulder/Shoulder Bilateral ER Abduction band behind back with backward stepps.mp4
Shoulder cable bilateral  W,https://aspirezoneqa.sharepoint.com/sites/Rehabilitation-ExerciseVideos/Shared Documents/Exercise and assessment video library/Exercises/Upper Body/Shoulder/Shoulder cable bilateral  W.mp4
Shoulder cable bilateral extension from flexion,https://aspirezoneqa.sharepoint.com/sites/Rehabilitation-ExerciseVideos/Shared Documents/Exercise and assessment video library/Exercises/Upper Body/Shoulder/Shoulder cable bilateral extension from flexion.mp4
Shoulder cable bilateral exteranl rotation and horizontal abduction from felxion,https://aspirezoneqa.sharepoint.com/sites/Rehabilitation-ExerciseVideos/Shared Documents/Exercise and assessment video library/Exercises/Upper Body/Shoulder/Shoulder cable bilateral exteranl rotation and horizontal abduction from felxion.mp4
SHOULDER CABLE BILATERAL T,https://aspirezoneqa.sharepoint.com/sites/Rehabilitation-ExerciseVideos/Shared Documents/Exercise and assessment video library/Exercises/Upper Body/Shoulder/SHOULDER CABLE BILATERAL T.mp4
Shoulder cable bilateral Y,https://aspirezoneqa.sharepoint.com/sites/Rehabilitation-ExerciseVideos/Shared Documents/Exercise and assessment video library/Exercises/Upper Body/Shoulder/Shoulder cable bilateral Y.mp4
Shoulder cable pallof press,https://aspirezoneqa.sharepoint.com/sites/Rehabilitation-ExerciseVideos/Shared Documents/Exercise and assessment video library/Exercises/Upper Body/Shoulder/Shoulder cable pallof press.mp4
Shoulder cable pallof press in split stance opposite,https://aspirezoneqa.sharepoint.com/sites/Rehabilitation-ExerciseVideos/Shared Documents/Exercise and assessment video library/Exercises/Unclassified/Exercise Videos from VCP/Shoulder cable pallof press in split stance opposite.mp4
Shoulder cable serratus punch,https://aspirezoneqa.sharepoint.com/sites/Rehabilitation-ExerciseVideos/Shared Documents/Exercise and assessment video library/Exercises/Upper Body/Shoulder/Shoulder cable serratus punch.mp4
Shoulder cable upper cut,https://aspirezoneqa.sharepoint.com/sites/Rehabilitation-ExerciseVideos/Shared Documents/Exercise and assessment video library/Exercises/Upper Body/Shoulder/Shoulder cable upper cut.mp4
Shoulder concentric rotation at 90 abduction in supine,https://aspirezoneqa.sharepoint.com/sites/Rehabilitation-ExerciseVideos/Shared Documents/Exercise and assessment video library/Exercises/Upper Body/Shoulder/Shoulder concentric rotation at 90 abduction in supine.mp4
Shoulder downward pull chop,https://aspirezoneqa.sharepoint.com/sites/Rehabilitation-ExerciseVideos/Shared Documents/Exercise and assessment video library/Exercises/Upper Body/Shoulder/Shoulder downward pull chop.mp4
Shoulder elastic archer,https://aspirezoneqa.sharepoint.com/sites/Rehabilitation-ExerciseVideos/Shared Documents/Exercise and assessment video library/Exercises/Upper Body/Shoulder/Shoulder elastic archer.mp4
Shoulder elastic bilateral abduction and flexion standing with cervical retraction and scapular elevation,https://aspirezoneqa.sharepoint.com/sites/Rehabilitation-ExerciseVideos/Shared Documents/Exercise and assessment video library/Exercises/Upper Body/Shoulder/Shoulder elastic bilateral abduction and flexion standing with cervical retraction and scapular elevation.mp4
Shoulder elastic bilateral abduction and flexion standing,https://aspirezoneqa.sharepoint.com/sites/Rehabilitation-ExerciseVideos/Shared Documents/Exercise and assessment video library/Exercises/Upper Body/Shoulder/Shoulder elastic bilateral abduction and flexion standing.mp4
Shoulder elastic bilateral abduction and flexion with step forward,https://aspirezoneqa.sharepoint.com/sites/Rehabilitation-ExerciseVideos/Shared Documents/Exercise and assessment video library/Exercises/Upper Body/Shoulder/Shoulder elastic bilateral abduction and flexion with step forward.mp4
Shoulder elastic external rotation with supination,https://aspirezoneqa.sharepoint.com/sites/Rehabilitation-ExerciseVideos/Shared Documents/Exercise and assessment video library/Exercises/Upper Body/Shoulder/Shoulder elastic external rotation with supination.mp4
Shoulder elastic exteranl rotation eccentric in supine at 90 abduction,https://aspirezoneqa.sharepoint.com/sites/Rehabilitation-ExerciseVideos/Shared Documents/Exercise and assessment video library/Exercises/Upper Body/Shoulder/Shoulder elastic exteranl rotation eccentric in supine at 90 abduction.mp4
Shoulder external rotation in sidelying with arm at  90 flexion self supported lighter hand weight,https://aspirezoneqa.sharepoint.com/sites/Rehabilitation-ExerciseVideos/Shared Documents/Exercise and assessment video library/Exercises/Upper Body/Shoulder/Shoulder external rotation in sidelying with arm at  90 flexion self supported lighter hand weight.mp4
Shoulder external rotation in sidelying with arm at 90 flexion self supported,https://aspirezoneqa.sharepoint.com/sites/Rehabilitation-ExerciseVideos/Shared Documents/Exercise and assessment video library/Exercises/Upper Body/Shoulder/Shoulder external rotation in sidelying with arm at 90 flexion self supported.mp4
Shoulder external rotation in sidelying with arm by side,https://aspirezoneqa.sharepoint.com/sites/Rehabilitation-ExerciseVideos/Shared Documents/Exercise and assessment video library/Exercises/Upper Body/Shoulder/Shoulder external rotation in sidelying with arm by side.mp4
Shoulder external rotation (banded),https://aspirezoneqa.sharepoint.com/sites/Rehabilitation-ExerciseVideos/Shared Documents/Exercise and assessment video library/Exercises/Upper Body/Shoulder/Shoulder external rotation (banded).mp4
Shoulder external rotation at 90 with overhead,https://aspirezoneqa.sharepoint.com/sites/Rehabilitation-ExerciseVideos/Shared Documents/Exercise and assessment video library/Exercises/Upper Body/Shoulder/Shoulder external rotation at 90 with overhead.mp4
Shoulder flexion elastic yo-yo in standing,https://aspirezoneqa.sharepoint.com/sites/Rehabilitation-ExerciseVideos/Shared Documents/Exercise and assessment video library/Exercises/Upper Body/Shoulder/Shoulder flexion elastic yo-yo in standing.mp4
Shoulder isometric abduction at 30 abduction,https://aspirezoneqa.sharepoint.com/sites/Rehabilitation-ExerciseVideos/Shared Documents/Exercise and assessment video library/Exercises/Upper Body/Shoulder/Shoulder isometric abduction at 30 abduction.mp4
Shoulder isometric extension long lever arm by side,https://aspirezoneqa.sharepoint.com/sites/Rehabilitation-ExerciseVideos/Shared Documents/Exercise and assessment video library/Exercises/Upper Body/Shoulder/Shoulder isometric extension long lever arm by side.mp4
Shoulder isometric external rotation at 30 abduction 2,https://aspirezoneqa.sharepoint.com/sites/Rehabilitation-ExerciseVideos/Shared Documents/Exercise and assessment video library/Exercises/Upper Body/Shoulder/Shoulder isometric external rotation at 30 abduction 2.mp4
Shoulder isometric extension short lever arm by side,https://aspirezoneqa.sharepoint.com/sites/Rehabilitation-ExerciseVideos/Shared Documents/Exercise and assessment video library/Exercises/Upper Body/Shoulder/Shoulder isometric extension short lever arm by side.mp4
Shoulder isometric external rotation with support,https://aspirezoneqa.sharepoint.com/sites/Rehabilitation-ExerciseVideos/Shared Documents/Exercise and assessment video library/Exercises/Upper Body/Shoulder/Shoulder isometric external rotation with support.mp4
Shoulder isometric external rotation at 30 abduction,https://aspirezoneqa.sharepoint.com/sites/Rehabilitation-ExerciseVideos/Shared Documents/Exercise and assessment video library/Exercises/Upper Body/Shoulder/Shoulder isometric external rotation at 30 abduction.mp4
Shoulder isometric flexion at 30 abduction,https://aspirezoneqa.sharepoint.com/sites/Rehabilitation-ExerciseVideos/Shared Documents/Exercise and assessment video library/Exercises/Upper Body/Shoulder/Shoulder isometric flexion at 30 abduction.mp4
Shoulder isometric flexion at 30 flexion and abduction,https://aspirezoneqa.sharepoint.com/sites/Rehabilitation-ExerciseVideos/Shared Documents/Exercise and assessment video library/Exercises/Upper Body/Shoulder/Shoulder isometric flexion at 30 flexion and abduction.mp4
Shoulder isometric flextion with support arm by side,https://aspirezoneqa.sharepoint.com/sites/Rehabilitation-ExerciseVideos/Shared Documents/Exercise and assessment video library/Exercises/Upper Body/Shoulder/Shoulder isometric flextion with support arm by side.mp4
Shoulder isometric flexion at 30 with support arm by side,https://aspirezoneqa.sharepoint.com/sites/Rehabilitation-ExerciseVideos/Shared Documents/Exercise and assessment video library/Exercises/Upper Body/Shoulder/Shoulder isometric flexion at 30 with support arm by side.mp4
Shoulder isometric internal rotation with support,https://aspirezoneqa.sharepoint.com/sites/Rehabilitation-ExerciseVideos/Shared Documents/Exercise and assessment video library/Exercises/Upper Body/Shoulder/Shoulder isometric internal rotation with support.mp4
Shoulder overhead shrug press,https://aspirezoneqa.sharepoint.com/sites/Rehabilitation-ExerciseVideos/Shared Documents/Exercise and assessment video library/Exercises/Upper Body/Shoulder/Shoulder overhead shrug press.mp4
Shoulder pendulum flexion extension horizontal abduction adduction,https://aspirezoneqa.sharepoint.com/sites/Rehabilitation-ExerciseVideos/Shared Documents/Exercise and assessment video library/Exercises/Upper Body/Shoulder/Shoulder pendulum flexion extension horizontal abduction adduction.mp4
Shoulder pendulum rotations with light weight,https://aspirezoneqa.sharepoint.com/sites/Rehabilitation-ExerciseVideos/Shared Documents/Exercise and assessment video library/Exercises/Upper Body/Shoulder/Shoulder pendulum rotations with light weight.mp4
Shoulder Press-Landmine,https://aspirezoneqa.sharepoint.com/sites/Rehabilitation-ExerciseVideos/Shared Documents/Exercise and assessment video library/Exercises/Upper Body/Shoulder/Shoulder Press-Landmine.mp4
Shoulder press,https://aspirezoneqa.sharepoint.com/sites/Rehabilitation-ExerciseVideos/Shared Documents/Exercise and assessment video library/Exercises/Upper Body/Shoulder/Shoulder press.mp4
Shoulder retraction in standing against wall with arm at 30 abduction,https://aspirezoneqa.sharepoint.com/sites/Rehabilitation-ExerciseVideos/Shared Documents/Exercise and assessment video library/Exercises/Upper Body/Shoulder/Shoulder retraction in standing against wall with arm at 30 abduction.mp4
Shoulder reverse upward chop,https://aspirezoneqa.sharepoint.com/sites/Rehabilitation-ExerciseVideos/Shared Documents/Exercise and assessment video library/Exercises/Upper Body/Shoulder/Shoulder reverse upward chop.mp4
Shoulder rotation,https://aspirezoneqa.sharepoint.com/sites/Rehabilitation-ExerciseVideos/Shared Documents/Exercise and assessment video library/Exercises/Upper Body/Shoulder/Shoulder rotation.mp4
Shoulder shrug unilateral,https://aspirezoneqa.sharepoint.com/sites/Rehabilitation-ExerciseVideos/Shared Documents/Exercise and assessment video library/Exercises/Upper Body/Shoulder/Shoulder shrug unilateral.mp4
Shoulder shrug,https://aspirezoneqa.sharepoint.com/sites/Rehabilitation-ExerciseVideos/Shared Documents/Exercise and assessment video library/Exercises/Upper Body/Shoulder/Shoulder shrug.mp4
Shoulder stability at 90 scapular abduction against wall with perturbation on Swiss ball at shoulder,https://aspirezoneqa.sharepoint.com/sites/Rehabilitation-ExerciseVideos/Shared Documents/Exercise and assessment video library/Exercises/Upper Body/Shoulder/Shoulder stability at 90 scapular abduction against wall with perturbation on Swiss ball at shoulder.mp4
Shoulder steps front,https://aspirezoneqa.sharepoint.com/sites/Rehabilitation-ExerciseVideos/Shared Documents/Exercise and assessment video library/Exercises/Upper Body/Shoulder/Shoulder steps front.mp4
Shoulder steps side,https://aspirezoneqa.sharepoint.com/sites/Rehabilitation-ExerciseVideos/Shared Documents/Exercise and assessment video library/Exercises/Upper Body/Shoulder/Shoulder steps side.mp4
Shoulder steps wall,https://aspirezoneqa.sharepoint.com/sites/Rehabilitation-ExerciseVideos/Shared Documents/Exercise and assessment video library/Exercises/Upper Body/Shoulder/Shoulder steps wall.mp4
Shoulder supported eccentric external rotation dumbbell at 90 scapular plane abduction bench,https://aspirezoneqa.sharepoint.com/sites/Rehabilitation-ExerciseVideos/Shared Documents/Exercise and assessment video library/Exercises/Unclassified/Exercise Videos from VCP/Shoulder supported eccentric external rotation dumbbell at 90 scapular plane abduction bench.mp4
Shoulder supported eccentric external rotation dumbbell at 90 scapulare plane abduction bench,https://aspirezoneqa.sharepoint.com/sites/Rehabilitation-ExerciseVideos/Shared Documents/Exercise and assessment video library/Exercises/Upper Body/Shoulder/Shoulder supported eccentric external rotation dumbbell at 90 scapulare plane abduction bench.mp4
Shoulder supported exteranal rotation dumbbell at 90 scapular plane abduction,https://aspirezoneqa.sharepoint.com/sites/Rehabilitation-ExerciseVideos/Shared Documents/Exercise and assessment video library/Exercises/Upper Body/Shoulder/Shoulder supported exteranal rotation dumbbell at 90 scapular plane abduction.mp4
Shoulder supported exteranl rotation dumbbell at 90 scapular plane abduction bench,https://aspirezoneqa.sharepoint.com/sites/Rehabilitation-ExerciseVideos/Shared Documents/Exercise and assessment video library/Exercises/Upper Body/Shoulder/Shoulder supported exteranl rotation dumbbell at 90 scapular plane abduction bench.mp4
Shoulder unreisted horizontal abduction in exteranl rotation at 90 abduction on Swiss ball,https://aspirezoneqa.sharepoint.com/sites/Rehabilitation-ExerciseVideos/Shared Documents/Exercise and assessment video library/Exercises/Upper Body/Shoulder/Shoulder unreisted horizontal abduction in exteranl rotation at 90 abduction on Swiss ball.mp4
Shoulder unresisted abduction exteral rotation on Swiss ball,https://aspirezoneqa.sharepoint.com/sites/Rehabilitation-ExerciseVideos/Shared Documents/Exercise and assessment video library/Exercises/Upper Body/Shoulder/Shoulder unresisted abduction exteral rotation on Swiss ball.mp4
Shoulder unresisted T on Swiss Ball,https://aspirezoneqa.sharepoint.com/sites/Rehabilitation-ExerciseVideos/Shared Documents/Exercise and assessment video library/Exercises/Upper Body/Shoulder/Shoulder unresisted T on Swiss Ball.mp4
Shoulder unresisted W on Swiss Ball,https://aspirezoneqa.sharepoint.com/sites/Rehabilitation-ExerciseVideos/Shared Documents/Exercise and assessment video library/Exercises/Upper Body/Shoulder/Shoulder unresisted W on Swiss Ball.mp4
Shoulder unresisted Y on Swiss Ball,https://aspirezoneqa.sharepoint.com/sites/Rehabilitation-ExerciseVideos/Shared Documents/Exercise and assessment video library/Exercises/Upper Body/Shoulder/Shoulder unresisted Y on Swiss Ball.mp4
Side lying hip adduction,https://aspirezoneqa.sharepoint.com/sites/Rehabilitation-ExerciseVideos/Shared Documents/Exercise and assessment video library/Exercises/Unclassified/Exercise Videos from VCP/Side lying hip adduction.mp4
Shrimp squat,https://aspirezoneqa.sharepoint.com/sites/Rehabilitation-ExerciseVideos/Shared Documents/Exercise and assessment video library/Exercises/Unclassified/Exercise Videos from VCP/Shrimp squat.mp4
side lying abduction with focus on foor ext rotated,https://aspirezoneqa.sharepoint.com/sites/Rehabilitation-ExerciseVideos/Shared Documents/Exercise and assessment video library/Exercises/Unclassified/Exercise Videos from VCP/side lying abduction with focus on foor ext rotated.mp4
Side plank with DB raise,https://aspirezoneqa.sharepoint.com/sites/Rehabilitation-ExerciseVideos/Shared Documents/Exercise and assessment video library/Exercises/Unclassified/Exercise Videos from VCP/Side plank with DB raise.mp4
SIDE SQUATS WITH ELASTIC RESISTANCE,https://aspirezoneqa.sharepoint.com/sites/Rehabilitation-ExerciseVideos/Shared Documents/Exercise and assessment video library/Exercises/Unclassified/Exercise Videos from VCP/SIDE SQUATS WITH ELASTIC RESISTANCE.mp4
Side Lying Hip Abduction,https://aspirezoneqa.sharepoint.com/sites/Rehabilitation-ExerciseVideos/Shared Documents/Exercise and assessment video library/Exercises/Unclassified/Exercise Videos from VCP/Side Lying Abduction.mp4
Side to Sided Push Up,https://aspirezoneqa.sharepoint.com/sites/Rehabilitation-ExerciseVideos/Shared Documents/Exercise and assessment video library/Exercises/Unclassified/Exercise Videos from VCP/Side to Sided Push Up.mp4
Side walking on toes,https://aspirezoneqa.sharepoint.com/sites/Rehabilitation-ExerciseVideos/Shared Documents/Exercise and assessment video library/Exercises/Unclassified/Exercise Videos from VCP/Side walking on toes.mp4
Side Lying Inner Range Holds,https://aspirezoneqa.sharepoint.com/sites/Rehabilitation-ExerciseVideos/Shared Documents/Exercise and assessment video library/Exercises/Unclassified/Exercise Videos from VCP/Side Lying Inner Range Holds.mp4
Sidelying shoulder circumduction,https://aspirezoneqa.sharepoint.com/sites/Rehabilitation-ExerciseVideos/Shared Documents/Exercise and assessment video library/Exercises/Unclassified/Exercise Videos from VCP/Sidelying shoulder circumduction.mp4
Sidelying side press with elastic abduction,https://aspirezoneqa.sharepoint.com/sites/Rehabilitation-ExerciseVideos/Shared Documents/Exercise and assessment video library/Exercises/Unclassified/Exercise Videos from VCP/Sidelying side press with elastic abduction.mp4
Single leg squat with TR-X,https://aspirezoneqa.sharepoint.com/sites/Rehabilitation-ExerciseVideos/Shared Documents/Exercise and assessment video library/Exercises/Unclassified/Exercise Videos from VCP/Single leg squat with TR-X.mp4
Single hand high plank,https://aspirezoneqa.sharepoint.com/sites/Rehabilitation-ExerciseVideos/Shared Documents/Exercise and assessment video library/Exercises/Unclassified/Exercise Videos from VCP/Single hand high plank.mp4
Single hand row ( powerband) -left,https://aspirezoneqa.sharepoint.com/sites/Rehabilitation-ExerciseVideos/Shared Documents/Exercise and assessment video library/Exercises/Unclassified/Exercise Videos from VCP/Single hand row ( powerband) -left.mp4
Single hand row(Power band),https://aspirezoneqa.sharepoint.com/sites/Rehabilitation-ExerciseVideos/Shared Documents/Exercise and assessment video library/Exercises/Unclassified/Exercise Videos from VCP/Single hand row(Power band).mp4
Single leg balance bouncing ball,https://aspirezoneqa.sharepoint.com/sites/Rehabilitation-ExerciseVideos/Shared Documents/Exercise and assessment video library/Exercises/Unclassified/Exercise Videos from VCP/Single leg balance bouncing ball.mp4
Single leg balance and reach forward,https://aspirezoneqa.sharepoint.com/sites/Rehabilitation-ExerciseVideos/Shared Documents/Exercise and assessment video library/Exercises/Unclassified/Exercise Videos from VCP/Single leg balance and reach forward.mp4
Single leg balance and reach sideways,https://aspirezoneqa.sharepoint.com/sites/Rehabilitation-ExerciseVideos/Shared Documents/Exercise and assessment video library/Exercises/Unclassified/Exercise Videos from VCP/Single leg balance and reach sideways.mp4
Single leg balance knee straight stable surface,https://aspirezoneqa.sharepoint.com/sites/Rehabilitation-ExerciseVideos/Shared Documents/Exercise and assessment video library/Exercises/Unclassified/Exercise Videos from VCP/Single leg balance knee straight stable surface.mp4
Single leg balance knee straight unstable surface,https://aspirezoneqa.sharepoint.com/sites/Rehabilitation-ExerciseVideos/Shared Documents/Exercise and assessment video library/Exercises/Unclassified/Exercise Videos from VCP/Single leg balance knee straight unstable surface.mp4
Single leg Balance rolling ball around behind,https://aspirezoneqa.sharepoint.com/sites/Rehabilitation-ExerciseVideos/Shared Documents/Exercise and assessment video library/Exercises/Unclassified/Exercise Videos from VCP/Single leg Balance rolling ball around behind.mp4
Single leg balance on Soft surface Rolling Ball,https://aspirezoneqa.sharepoint.com/sites/Rehabilitation-ExerciseVideos/Shared Documents/Exercise and assessment video library/Exercises/Unclassified/Exercise Videos from VCP/Single leg balance on Soft surface Rolling Ball.mp4
Single leg bridge on ball,https://aspirezoneqa.sharepoint.com/sites/Rehabilitation-ExerciseVideos/Shared Documents/Exercise and assessment video library/Exercises/Unclassified/Exercise Videos from VCP/Single leg bridge on ball.mp4
Single leg control cable,https://aspirezoneqa.sharepoint.com/sites/Rehabilitation-ExerciseVideos/Shared Documents/Exercise and assessment video library/Exercises/Unclassified/Exercise Videos from VCP/Single leg control cable.mp4
Single leg deadlift jump,https://aspirezoneqa.sharepoint.com/sites/Rehabilitation-ExerciseVideos/Shared Documents/Exercise and assessment video library/Exercises/Unclassified/Exercise Videos from VCP/Single leg deadlift jump.mp4
Single leg decline squat,https://aspirezoneqa.sharepoint.com/sites/Rehabilitation-ExerciseVideos/Shared Documents/Exercise and assessment video library/Exercises/Unclassified/Exercise Videos from VCP/Single leg decline squat.mp4
Single leg mini squat unstable surface,https://aspirezoneqa.sharepoint.com/sites/Rehabilitation-ExerciseVideos/Shared Documents/Exercise and assessment video library/Exercises/Unclassified/Exercise Videos from VCP/Single leg mini squat unstable surface.mp4
Single leg on floor bounce ball against the wall unstable surface - Copy,https://aspirezoneqa.sharepoint.com/sites/Rehabilitation-ExerciseVideos/Shared Documents/Exercise and assessment video library/Exercises/Unclassified/Exercise Videos from VCP/Single leg on floor bounce ball against the wall unstable surface - Copy.mp4
Single leg jump with Trap bar,https://aspirezoneqa.sharepoint.com/sites/Rehabilitation-ExerciseVideos/Shared Documents/Exercise and assessment video library/Exercises/Unclassified/Exercise Videos from VCP/Single leg jump with Trap bar.mp4
Single leg on floor bounce ball against the wall unstable surface,https://aspirezoneqa.sharepoint.com/sites/Rehabilitation-ExerciseVideos/Shared Documents/Exercise and assessment video library/Exercises/Unclassified/Exercise Videos from VCP/Single leg on floor bounce ball against the wall unstable surface.mp4
Single leg on floor bounce ball against the wall,https://aspirezoneqa.sharepoint.com/sites/Rehabilitation-ExerciseVideos/Shared Documents/Exercise and assessment video library/Exercises/Unclassified/Exercise Videos from VCP/Single leg on floor bounce ball against the wall.mp4
Single leg pogos Banded,https://aspirezoneqa.sharepoint.com/sites/Rehabilitation-ExerciseVideos/Shared Documents/Exercise and assessment video library/Exercises/Unclassified/Exercise Videos from VCP/Single leg pogos Banded.mp4
Single leg pogos,https://aspirezoneqa.sharepoint.com/sites/Rehabilitation-ExerciseVideos/Shared Documents/Exercise and assessment video library/Exercises/Unclassified/Exercise Videos from VCP/Single leg pogos.mp4
Single leg squat with ball against the wall hip abduction strengthening,https://aspirezoneqa.sharepoint.com/sites/Rehabilitation-ExerciseVideos/Shared Documents/Exercise and assessment video library/Exercises/Unclassified/Exercise Videos from VCP/Single leg squat with ball against the wall hip abduction strengthening.mp4
Single leg squat on Bosu,https://aspirezoneqa.sharepoint.com/sites/Rehabilitation-ExerciseVideos/Shared Documents/Exercise and assessment video library/Exercises/Unclassified/Exercise Videos from VCP/Single leg squat on Bosu.mp4
Single leg star balance excursion on stable surface,https://aspirezoneqa.sharepoint.com/sites/Rehabilitation-ExerciseVideos/Shared Documents/Exercise and assessment video library/Exercises/Unclassified/Exercise Videos from VCP/Single leg star balance excursion on stable surface.mp4
Single leg tuck jump,https://aspirezoneqa.sharepoint.com/sites/Rehabilitation-ExerciseVideos/Shared Documents/Exercise and assessment video library/Exercises/Unclassified/Exercise Videos from VCP/Single leg tuck jump.mp4
Single leg star balance excursion on unstable surface,https://aspirezoneqa.sharepoint.com/sites/Rehabilitation-ExerciseVideos/Shared Documents/Exercise and assessment video library/Exercises/Unclassified/Exercise Videos from VCP/Single leg star balance excursion on unstable surface.mp4
Single leg drop jump,https://aspirezoneqa.sharepoint.com/sites/Rehabilitation-ExerciseVideos/Shared Documents/Exercise and assessment video library/Exercises/Unclassified/Exercise Videos from VCP/Single leg drop jump.mp4
Sit to stand bilateral,https://aspirezoneqa.sharepoint.com/sites/Rehabilitation-ExerciseVideos/Shared Documents/Exercise and assessment video library/Exercises/Unclassified/Exercise Videos from VCP/Sit to stand bilateral.mp4
Sit to stand single leg assisted with other leg,https://aspirezoneqa.sharepoint.com/sites/Rehabilitation-ExerciseVideos/Shared Documents/Exercise and assessment video library/Exercises/Unclassified/Exercise Videos from VCP/Sit to stand single leg assisted with other leg.mp4
Sit to stand single leg,https://aspirezoneqa.sharepoint.com/sites/Rehabilitation-ExerciseVideos/Shared Documents/Exercise and assessment video library/Exercises/Unclassified/Exercise Videos from VCP/Sit to stand single leg.mp4
Sit up and reach,https://aspirezoneqa.sharepoint.com/sites/Rehabilitation-ExerciseVideos/Shared Documents/Exercise and assessment video library/Exercises/Unclassified/Exercise Videos from VCP/Sit up and reach.mp4
Sit up with ball throw,https://aspirezoneqa.sharepoint.com/sites/Rehabilitation-ExerciseVideos/Shared Documents/Exercise and assessment video library/Exercises/Unclassified/Exercise Videos from VCP/Sit up with ball throw.mp4
Sit up with heel taps,https://aspirezoneqa.sharepoint.com/sites/Rehabilitation-ExerciseVideos/Shared Documents/Exercise and assessment video library/Exercises/Unclassified/Exercise Videos from VCP/Sit up with heel taps.mp4
Ski ERG UB only,https://aspirezoneqa.sharepoint.com/sites/Rehabilitation-ExerciseVideos/Shared Documents/Exercise and assessment video library/Exercises/Unclassified/Exercise Videos from VCP/Ski ERG UB only.mp4
Sitting toe lifts with Band Under 1st MTP,https://aspirezoneqa.sharepoint.com/sites/Rehabilitation-ExerciseVideos/Shared Documents/Exercise and assessment video library/Exercises/Unclassified/Exercise Videos from VCP/Sitting toe lifts with Band Under 1st MTP.mp4
Ski Erg,https://aspirezoneqa.sharepoint.com/sites/Rehabilitation-ExerciseVideos/Shared Documents/Exercise and assessment video library/Exercises/Unclassified/Exercise Videos from VCP/Ski ERG.mp4
Skipping with overhead pole,https://aspirezoneqa.sharepoint.com/sites/Rehabilitation-ExerciseVideos/Shared Documents/Exercise and assessment video library/Exercises/Unclassified/Exercise Videos from VCP/Skipping with overhead pole.mp4
Skipping with rotation,https://aspirezoneqa.sharepoint.com/sites/Rehabilitation-ExerciseVideos/Shared Documents/Exercise and assessment video library/Exercises/Unclassified/Exercise Videos from VCP/Skipping with rotation.mp4
Skipping single leg,https://aspirezoneqa.sharepoint.com/sites/Rehabilitation-ExerciseVideos/Shared Documents/Exercise and assessment video library/Exercises/Unclassified/Exercise Videos from VCP/Skipping single leg.mp4
SL Bridge,https://aspirezoneqa.sharepoint.com/sites/Rehabilitation-ExerciseVideos/Shared Documents/Exercise and assessment video library/Exercises/Unclassified/Exercise Videos from VCP/SL Bridge.mp4
SL CMJ Shuttle MVP,https://aspirezoneqa.sharepoint.com/sites/Rehabilitation-ExerciseVideos/Shared Documents/Exercise and assessment video library/Exercises/Unclassified/Exercise Videos from VCP/SL CMJ Shuttle MVP.mp4
SL Calf raise smith Machine,https://aspirezoneqa.sharepoint.com/sites/Rehabilitation-ExerciseVideos/Shared Documents/Exercise and assessment video library/Exercises/Unclassified/Exercise Videos from VCP/SL Calf raise smith Machine.mp4
SL CMJ Total gym,https://aspirezoneqa.sharepoint.com/sites/Rehabilitation-ExerciseVideos/Shared Documents/Exercise and assessment video library/Exercises/Unclassified/Exercise Videos from VCP/SL CMJ Total gym.mp4
SL CMJ Vertimax,https://aspirezoneqa.sharepoint.com/sites/Rehabilitation-ExerciseVideos/Shared Documents/Exercise and assessment video library/Exercises/Unclassified/Exercise Videos from VCP/SL CMJ Vertimax.mp4
SL Declined squat,https://aspirezoneqa.sharepoint.com/sites/Rehabilitation-ExerciseVideos/Shared Documents/Exercise and assessment video library/Exercises/Unclassified/Exercise Videos from VCP/SL Declined squat.mp4
SL Deep Leg press Shuttle MVP,https://aspirezoneqa.sharepoint.com/sites/Rehabilitation-ExerciseVideos/Shared Documents/Exercise and assessment video library/Exercises/Unclassified/Exercise Videos from VCP/SL Deep Leg press Shuttle MVP.mp4
SL Drop jump reverse,https://aspirezoneqa.sharepoint.com/sites/Rehabilitation-ExerciseVideos/Shared Documents/Exercise and assessment video library/Exercises/Unclassified/Exercise Videos from VCP/SL Drop jump reverse.mp4
SL Drop jump BWD,https://aspirezoneqa.sharepoint.com/sites/Rehabilitation-ExerciseVideos/Shared Documents/Exercise and assessment video library/Exercises/Unclassified/Exercise Videos from VCP/SL Drop jump BWD.mp4
SL Dynamic black board,https://aspirezoneqa.sharepoint.com/sites/Rehabilitation-ExerciseVideos/Shared Documents/Exercise and assessment video library/Exercises/Unclassified/Exercise Videos from VCP/SL Dynamic black board.mp4
SL Glute ham hold,https://aspirezoneqa.sharepoint.com/sites/Rehabilitation-ExerciseVideos/Shared Documents/Exercise and assessment video library/Exercises/Unclassified/Exercise Videos from VCP/SL Glute ham hold.mp4
SL Glute ham raise,https://aspirezoneqa.sharepoint.com/sites/Rehabilitation-ExerciseVideos/Shared Documents/Exercise and assessment video library/Exercises/Unclassified/Exercise Videos from VCP/SL Glute ham raise.mp4
SL Heel raise Banded Peroneals,https://aspirezoneqa.sharepoint.com/sites/Rehabilitation-ExerciseVideos/Shared Documents/Exercise and assessment video library/Exercises/Unclassified/Exercise Videos from VCP/SL Heel raise Banded Peroneals.mp4
SL Heel raise banded Tibialis,https://aspirezoneqa.sharepoint.com/sites/Rehabilitation-ExerciseVideos/Shared Documents/Exercise and assessment video library/Exercises/Unclassified/Exercise Videos from VCP/SL Heel raise banded Tibialis.mp4
SL Heel raise Banded,https://aspirezoneqa.sharepoint.com/sites/Rehabilitation-ExerciseVideos/Shared Documents/Exercise and assessment video library/Exercises/Unclassified/Exercise Videos from VCP/SL Heel raise Banded.mp4
SL Heel raise inner range Holds,https://aspirezoneqa.sharepoint.com/sites/Rehabilitation-ExerciseVideos/Shared Documents/Exercise and assessment video library/Exercises/Unclassified/Exercise Videos from VCP/SL Heel raise inner range Holds.mp4
SL Heel raise wedged,https://aspirezoneqa.sharepoint.com/sites/Rehabilitation-ExerciseVideos/Shared Documents/Exercise and assessment video library/Exercises/Unclassified/Exercise Videos from VCP/SL Heel raise wedged.mp4
SL hip thrust loaded,https://aspirezoneqa.sharepoint.com/sites/Rehabilitation-ExerciseVideos/Shared Documents/Exercise and assessment video library/Exercises/Unclassified/Exercise Videos from VCP/SL hip thrust loaded.mp4
SL Heel raise,https://aspirezoneqa.sharepoint.com/sites/Rehabilitation-ExerciseVideos/Shared Documents/Exercise and assessment video library/Exercises/Unclassified/Exercise Videos from VCP/SL Heel raise.mp4
SL Hip Thrust Pelvic Control,https://aspirezoneqa.sharepoint.com/sites/Rehabilitation-ExerciseVideos/Shared Documents/Exercise and assessment video library/Exercises/Unclassified/Exercise Videos from VCP/SL Hip Thrust Pelvic Control.mp4
SL long bridge iso 30,https://aspirezoneqa.sharepoint.com/sites/Rehabilitation-ExerciseVideos/Shared Documents/Exercise and assessment video library/Exercises/Unclassified/Exercise Videos from VCP/SL long bridge iso 30.mp4
SL Low Hurdle Hopping forward,https://aspirezoneqa.sharepoint.com/sites/Rehabilitation-ExerciseVideos/Shared Documents/Exercise and assessment video library/Exercises/Unclassified/Exercise Videos from VCP/SL Low Hurdle Hopping forward.mp4
SL Leg press,https://aspirezoneqa.sharepoint.com/sites/Rehabilitation-ExerciseVideos/Shared Documents/Exercise and assessment video library/Exercises/Unclassified/Exercise Videos from VCP/SL Leg press.mp4
SL Low Hurdle Hopping,https://aspirezoneqa.sharepoint.com/sites/Rehabilitation-ExerciseVideos/Shared Documents/Exercise and assessment video library/Exercises/Unclassified/Exercise Videos from VCP/SL Low Hurdle Hopping.mp4
SL Pogos DB,https://aspirezoneqa.sharepoint.com/sites/Rehabilitation-ExerciseVideos/Shared Documents/Exercise and assessment video library/Exercises/Unclassified/Exercise Videos from VCP/SL Pogos DB.mp4
SL RDL loaded,https://aspirezoneqa.sharepoint.com/sites/Rehabilitation-ExerciseVideos/Shared Documents/Exercise and assessment video library/Exercises/Unclassified/Exercise Videos from VCP/SL RDL loaded.mp4
SL RDL Dumbbells with rotation,https://aspirezoneqa.sharepoint.com/sites/Rehabilitation-ExerciseVideos/Shared Documents/Exercise and assessment video library/Exercises/Unclassified/Exercise Videos from VCP/SL RDL Dumbbells with rotation.mp4
SL RDL Supported to 90 degree,https://aspirezoneqa.sharepoint.com/sites/Rehabilitation-ExerciseVideos/Shared Documents/Exercise and assessment video library/Exercises/Unclassified/Exercise Videos from VCP/SL RDL Supported to 90 degree.mp4
SL RDL Toe Banded,https://aspirezoneqa.sharepoint.com/sites/Rehabilitation-ExerciseVideos/Shared Documents/Exercise and assessment video library/Exercises/Unclassified/Exercise Videos from VCP/SL RDL Toe Banded.mp4
SL RDL Toe off to Bench,https://aspirezoneqa.sharepoint.com/sites/Rehabilitation-ExerciseVideos/Shared Documents/Exercise and assessment video library/Exercises/Unclassified/Exercise Videos from VCP/SL RDL Toe off to Bench.mp4
SL RDL Toe off to Box,https://aspirezoneqa.sharepoint.com/sites/Rehabilitation-ExerciseVideos/Shared Documents/Exercise and assessment video library/Exercises/Unclassified/Exercise Videos from VCP/SL RDL Toe off to Box.mp4
SL RDL Unsupported 90 deg with Trunk Rotation,https://aspirezoneqa.sharepoint.com/sites/Rehabilitation-ExerciseVideos/Shared Documents/Exercise and assessment video library/Exercises/Unclassified/Exercise Videos from VCP/SL RDL Unsupported 90 deg with Trunk Rotation.mp4
SL RDL Unsupported to 90,https://aspirezoneqa.sharepoint.com/sites/Rehabilitation-ExerciseVideos/Shared Documents/Exercise and assessment video library/Exercises/Unclassified/Exercise Videos from VCP/SL RDL Unsupported to 90.mp4
SL RDL With Rotation 1st MTP Down,https://aspirezoneqa.sharepoint.com/sites/Rehabilitation-ExerciseVideos/Shared Documents/Exercise and assessment video library/Exercises/Unclassified/Exercise Videos from VCP/SL RDL With Rotation 1st MTP Down.mp4
SL RDL Unsupported to 90 deg-Perturbations,https://aspirezoneqa.sharepoint.com/sites/Rehabilitation-ExerciseVideos/Shared Documents/Exercise and assessment video library/Exercises/Unclassified/Exercise Videos from VCP/SL RDL Unsupported to 90 deg-Perturbations.mp4
SL Smith machine squat,https://aspirezoneqa.sharepoint.com/sites/Rehabilitation-ExerciseVideos/Shared Documents/Exercise and assessment video library/Exercises/Unclassified/Exercise Videos from VCP/SL Smith machine squat.mp4
SL Squat Loaded weighted Disc on back,https://aspirezoneqa.sharepoint.com/sites/Rehabilitation-ExerciseVideos/Shared Documents/Exercise and assessment video library/Exercises/Unclassified/Exercise Videos from VCP/SL Squat Loaded weighted Disc on back.mp4
SL Squat of step 1st MTP Down,https://aspirezoneqa.sharepoint.com/sites/Rehabilitation-ExerciseVideos/Shared Documents/Exercise and assessment video library/Exercises/Unclassified/Exercise Videos from VCP/SL Squat of step 1st MTP Down.mp4
SL Squat to Box,https://aspirezoneqa.sharepoint.com/sites/Rehabilitation-ExerciseVideos/Shared Documents/Exercise and assessment video library/Exercises/Unclassified/Exercise Videos from VCP/SL Squat to Box.mp4
SL Toe taps Shuttle MVP,https://aspirezoneqa.sharepoint.com/sites/Rehabilitation-ExerciseVideos/Shared Documents/Exercise and assessment video library/Exercises/Unclassified/Exercise Videos from VCP/SL Toe taps Shuttle MVP.mp4
SL Total gym,https://aspirezoneqa.sharepoint.com/sites/Rehabilitation-ExerciseVideos/Shared Documents/Exercise and assessment video library/Exercises/Unclassified/Exercise Videos from VCP/SL Total gym.mp4
SL TRX Squat,https://aspirezoneqa.sharepoint.com/sites/Rehabilitation-ExerciseVideos/Shared Documents/Exercise and assessment video library/Exercises/Unclassified/Exercise Videos from VCP/SL TRX Squat.mp4
SL Wall Squat BW,https://aspirezoneqa.sharepoint.com/sites/Rehabilitation-ExerciseVideos/Shared Documents/Exercise and assessment video library/Exercises/Unclassified/Exercise Videos from VCP/SL Wall Squat BW.mp4
SL Wall squat,https://aspirezoneqa.sharepoint.com/sites/Rehabilitation-ExerciseVideos/Shared Documents/Exercise and assessment video library/Exercises/Unclassified/Exercise Videos from VCP/SL Wall squat.mp4
Sled resisted Run,https://aspirezoneqa.sharepoint.com/sites/Rehabilitation-ExerciseVideos/Shared Documents/Exercise and assessment video library/Exercises/Unclassified/Exercise Videos from VCP/Sled resisted Run.mp4
SLR Quadriceps Activation,https://aspirezoneqa.sharepoint.com/sites/Rehabilitation-ExerciseVideos/Shared Documents/Exercise and assessment video library/Exercises/Unclassified/Exercise Videos from VCP/SLR Quadriceps Activation.mp4
Soleus -Bulgarian Squat position,https://aspirezoneqa.sharepoint.com/sites/Rehabilitation-ExerciseVideos/Shared Documents/Exercise and assessment video library/Exercises/Unclassified/Exercise Videos from VCP/Soleus -Bulgarian Squat position.mp4
Smith machine squat,https://aspirezoneqa.sharepoint.com/sites/Rehabilitation-ExerciseVideos/Shared Documents/Exercise and assessment video library/Exercises/Unclassified/Exercise Videos from VCP/Smith machine squat.mp4
Soleus isometric bulgarian split squat,https://aspirezoneqa.sharepoint.com/sites/Rehabilitation-ExerciseVideos/Shared Documents/Exercise and assessment video library/Exercises/Unclassified/Exercise Videos from VCP/Soleus isometric bulgarian split squat.mp4
Soleus wall squat,https://aspirezoneqa.sharepoint.com/sites/Rehabilitation-ExerciseVideos/Shared Documents/Exercise and assessment video library/Exercises/Unclassified/Exercise Videos from VCP/Soleus wall squat.mp4
Spanish squat with strap and BFR,https://aspirezoneqa.sharepoint.com/sites/Rehabilitation-ExerciseVideos/Shared Documents/Exercise and assessment video library/Exercises/Unclassified/Exercise Videos from VCP/Spanish squat with strap and BFR.mp4
Spanish squat with strap,https://aspirezoneqa.sharepoint.com/sites/Rehabilitation-ExerciseVideos/Shared Documents/Exercise and assessment video library/Exercises/Unclassified/Exercise Videos from VCP/Spanish squat with strap.mp4
Spiderman stretch,https://aspirezoneqa.sharepoint.com/sites/Rehabilitation-ExerciseVideos/Shared Documents/Exercise and assessment video library/Exercises/Unclassified/Exercise Videos from VCP/Spiderman stretch.mp4
Spinning standing,https://aspirezoneqa.sharepoint.com/sites/Rehabilitation-ExerciseVideos/Shared Documents/Exercise and assessment video library/Exercises/Unclassified/Exercise Videos from VCP/Spinning standing.mp4
Split squat Dowel,https://aspirezoneqa.sharepoint.com/sites/Rehabilitation-ExerciseVideos/Shared Documents/Exercise and assessment video library/Exercises/Unclassified/Exercise Videos from VCP/Split squat Dowel.mp4
Split squat,https://aspirezoneqa.sharepoint.com/sites/Rehabilitation-ExerciseVideos/Shared Documents/Exercise and assessment video library/Exercises/Unclassified/Exercise Videos from VCP/Split squat.mp4
Split Stance RDL,https://aspirezoneqa.sharepoint.com/sites/Rehabilitation-ExerciseVideos/Shared Documents/Exercise and assessment video library/Exercises/Unclassified/Exercise Videos from VCP/Split stance RDL.mp4
Squat Holds DL,https://aspirezoneqa.sharepoint.com/sites/Rehabilitation-ExerciseVideos/Shared Documents/Exercise and assessment video library/Exercises/Unclassified/Exercise Videos from VCP/Squat Holds DL.mp4
Squat Holds SL,https://aspirezoneqa.sharepoint.com/sites/Rehabilitation-ExerciseVideos/Shared Documents/Exercise and assessment video library/Exercises/Unclassified/Exercise Videos from VCP/Squat Holds SL.mp4
Standing hip adduction with elastic,https://aspirezoneqa.sharepoint.com/sites/Rehabilitation-ExerciseVideos/Shared Documents/Exercise and assessment video library/Exercises/Unclassified/Exercise Videos from VCP/Standing hip adduction with elastic.mp4
Standing adduction multiip machine,https://aspirezoneqa.sharepoint.com/sites/Rehabilitation-ExerciseVideos/Shared Documents/Exercise and assessment video library/Exercises/Unclassified/Exercise Videos from VCP/Standing adduction multiip machine.mp4
Standing banded SLR,https://aspirezoneqa.sharepoint.com/sites/Rehabilitation-ExerciseVideos/Shared Documents/Exercise and assessment video library/Exercises/Unclassified/Exercise Videos from VCP/Standing banded SLR.mp4
Standing bicycles,https://aspirezoneqa.sharepoint.com/sites/Rehabilitation-ExerciseVideos/Shared Documents/Exercise and assessment video library/Exercises/Unclassified/Exercise Videos from VCP/Standing bicycles.mp4
Standing hip abduction elastic unstable surface,https://aspirezoneqa.sharepoint.com/sites/Rehabilitation-ExerciseVideos/Shared Documents/Exercise and assessment video library/Exercises/Unclassified/Exercise Videos from VCP/Standing hip abduction elastic unstable surface.mp4
Standing hip circles,https://aspirezoneqa.sharepoint.com/sites/Rehabilitation-ExerciseVideos/Shared Documents/Exercise and assessment video library/Exercises/Unclassified/Exercise Videos from VCP/Standing hip circles.mp4
Standing hip extension elastic unstable surface,https://aspirezoneqa.sharepoint.com/sites/Rehabilitation-ExerciseVideos/Shared Documents/Exercise and assessment video library/Exercises/Unclassified/Exercise Videos from VCP/Standing hip extension elastic unstable surface.mp4
Standing hip extension multihip machine,https://aspirezoneqa.sharepoint.com/sites/Rehabilitation-ExerciseVideos/Shared Documents/Exercise and assessment video library/Exercises/Unclassified/Exercise Videos from VCP/Standing hip extension multihip machine.mp4
Standing hip extension,https://aspirezoneqa.sharepoint.com/sites/Rehabilitation-ExerciseVideos/Shared Documents/Exercise and assessment video library/Exercises/Unclassified/Exercise Videos from VCP/Standing hip extension.mp4
Standing hip exteranl rotation elastic in quarter squat,https://aspirezoneqa.sharepoint.com/sites/Rehabilitation-ExerciseVideos/Shared Documents/Exercise and assessment video library/Exercises/Unclassified/Exercise Videos from VCP/Standing hip exteranl rotation elastic in quarter squat.mp4
STanding hip flexion multihip Machine,https://aspirezoneqa.sharepoint.com/sites/Rehabilitation-ExerciseVideos/Shared Documents/Exercise and assessment video library/Exercises/Unclassified/Exercise Videos from VCP/STanding hip flexion multihip Machine.mp4
Standing hip flextion,https://aspirezoneqa.sharepoint.com/sites/Rehabilitation-ExerciseVideos/Shared Documents/Exercise and assessment video library/Exercises/Unclassified/Exercise Videos from VCP/Standing hip flextion.mp4
Standing leg swing over hurdles,https://aspirezoneqa.sharepoint.com/sites/Rehabilitation-ExerciseVideos/Shared Documents/Exercise and assessment video library/Exercises/Unclassified/Exercise Videos from VCP/Standing leg swing over hurdles.mp4
Standing resisted hip extension and abduction elastic at feet,https://aspirezoneqa.sharepoint.com/sites/Rehabilitation-ExerciseVideos/Shared Documents/Exercise and assessment video library/Exercises/Unclassified/Exercise Videos from VCP/Standing resisted hip extension and abduction elastic at feet.mp4
Standing toe lifts with band under 1st MTP,https://aspirezoneqa.sharepoint.com/sites/Rehabilitation-ExerciseVideos/Shared Documents/Exercise and assessment video library/Exercises/Unclassified/Exercise Videos from VCP/Standing toe lifts with band under 1st MTP.mp4
Static quadriceps contractions in supine,https://aspirezoneqa.sharepoint.com/sites/Rehabilitation-ExerciseVideos/Shared Documents/Exercise and assessment video library/Exercises/Unclassified/Exercise Videos from VCP/Static quadriceps contractions in supine.mp4
Static quadriceps,https://aspirezoneqa.sharepoint.com/sites/Rehabilitation-ExerciseVideos/Shared Documents/Exercise and assessment video library/Exercises/Unclassified/Exercise Videos from VCP/Static quadriceps.mp4
Stationary Bicycle,https://aspirezoneqa.sharepoint.com/sites/Rehabilitation-ExerciseVideos/Shared Documents/Exercise and assessment video library/Exercises/Unclassified/Exercise Videos from VCP/Stationary Bicycle.mp4
Stationary Bike,https://aspirezoneqa.sharepoint.com/sites/Rehabilitation-ExerciseVideos/Shared Documents/Exercise and assessment video library/Exercises/Unclassified/Exercise Videos from VCP/Stationary Bike.mp4
Step and hold,https://aspirezoneqa.sharepoint.com/sites/Rehabilitation-ExerciseVideos/Shared Documents/Exercise and assessment video library/Exercises/Unclassified/Exercise Videos from VCP/Step and hold.mp4
Step lateral Rebound,https://aspirezoneqa.sharepoint.com/sites/Rehabilitation-ExerciseVideos/Shared Documents/Exercise and assessment video library/Exercises/Unclassified/Exercise Videos from VCP/Step lateral Rebound.mp4
Stepper,https://aspirezoneqa.sharepoint.com/sites/Rehabilitation-ExerciseVideos/Shared Documents/Exercise and assessment video library/Exercises/Unclassified/Exercise Videos from VCP/Stepper.mp4
Step up,https://aspirezoneqa.sharepoint.com/sites/Rehabilitation-ExerciseVideos/Shared Documents/Exercise and assessment video library/Exercises/Unclassified/Exercise Videos from VCP/Step up.mp4
Stick assisted ER arm By side in chair,https://aspirezoneqa.sharepoint.com/sites/Rehabilitation-ExerciseVideos/Shared Documents/Exercise and assessment video library/Exercises/Upper Body/Shoulder/Stick assisted ER arm By side in chair.mp4
Stick assisted ER arm by side,https://aspirezoneqa.sharepoint.com/sites/Rehabilitation-ExerciseVideos/Shared Documents/Exercise and assessment video library/Exercises/Upper Body/Shoulder/Stick assisted ER arm by side.mp4
Stick assisted shoulder F in Chair,https://aspirezoneqa.sharepoint.com/sites/Rehabilitation-ExerciseVideos/Shared Documents/Exercise and assessment video library/Exercises/Upper Body/Shoulder/Stick assisted shoulder F in Chair.mp4
Stick assisted shoulder F in supine,https://aspirezoneqa.sharepoint.com/sites/Rehabilitation-ExerciseVideos/Shared Documents/Exercise and assessment video library/Exercises/Upper Body/Shoulder/Stick assisted shoulder F in supine.mp4
Stick assisted flexion in standing,https://aspirezoneqa.sharepoint.com/sites/Rehabilitation-ExerciseVideos/Shared Documents/Exercise and assessment video library/Exercises/Upper Body/Shoulder/Stick assisted flexion in standing.mp4
Standing hip flexion elastic unstable surface,https://aspirezoneqa.sharepoint.com/sites/Rehabilitation-ExerciseVideos/Shared Documents/Exercise and assessment video library/Exercises/Unclassified/Exercise Videos from VCP/Standing hip flexion elastic unstable surface.mp4
Straight arm Sit ups,https://aspirezoneqa.sharepoint.com/sites/Rehabilitation-ExerciseVideos/Shared Documents/Exercise and assessment video library/Exercises/Unclassified/Exercise Videos from VCP/Straight arm Sit ups.mp4
Straight Leg Sit Ups with ball overhead,https://aspirezoneqa.sharepoint.com/sites/Rehabilitation-ExerciseVideos/Shared Documents/Exercise and assessment video library/Exercises/Unclassified/Exercise Videos from VCP/Straight Leg Sit Ups with ball overhead.mp4
Straight leg raise in sitting with weight,https://aspirezoneqa.sharepoint.com/sites/Rehabilitation-ExerciseVideos/Shared Documents/Exercise and assessment video library/Exercises/Unclassified/Exercise Videos from VCP/Straight leg raise in sitting with weight.mp4
Straight leg raised active unresisted,https://aspirezoneqa.sharepoint.com/sites/Rehabilitation-ExerciseVideos/Shared Documents/Exercise and assessment video library/Exercises/Unclassified/Exercise Videos from VCP/Straight leg raised active unresisted.mp4
Supine Swiss ball V pass,https://aspirezoneqa.sharepoint.com/sites/Rehabilitation-ExerciseVideos/Shared Documents/Exercise and assessment video library/Exercises/Unclassified/Exercise Videos from VCP/Supine  Swiss ball V pass.mp4
Supine band extender,https://aspirezoneqa.sharepoint.com/sites/Rehabilitation-ExerciseVideos/Shared Documents/Exercise and assessment video library/Exercises/Unclassified/Exercise Videos from VCP/Supine band extender.mp4
Supine hip flexion extension with resistance band,https://aspirezoneqa.sharepoint.com/sites/Rehabilitation-ExerciseVideos/Shared Documents/Exercise and assessment video library/Exercises/Unclassified/Exercise Videos from VCP/Supine hip flexion extension with resistance band.mp4
Supine isometric heel digs,https://aspirezoneqa.sharepoint.com/sites/Rehabilitation-ExerciseVideos/Shared Documents/Exercise and assessment video library/Exercises/Unclassified/Exercise Videos from VCP/Supine isometric heel digs.mp4
Supine serratus punch at 90 flexion,https://aspirezoneqa.sharepoint.com/sites/Rehabilitation-ExerciseVideos/Shared Documents/Exercise and assessment video library/Exercises/Unclassified/Exercise Videos from VCP/Supine serratus punch at 90 flexion.mp4
Supine pelvic rotation leftright,https://aspirezoneqa.sharepoint.com/sites/Rehabilitation-ExerciseVideos/Shared Documents/Exercise and assessment video library/Exercises/Unclassified/Exercise Videos from VCP/Supine pelvic rotation leftright.mp4
Supine shoulder rotation at 90 flexion long lever,https://aspirezoneqa.sharepoint.com/sites/Rehabilitation-ExerciseVideos/Shared Documents/Exercise and assessment video library/Exercises/Unclassified/Exercise Videos from VCP/Supine shoulder rotation at 90 flexion long lever.mp4
Supine straight leg raise,https://aspirezoneqa.sharepoint.com/sites/Rehabilitation-ExerciseVideos/Shared Documents/Exercise and assessment video library/Exercises/Unclassified/Exercise Videos from VCP/Supine straight leg raise.mp4
Supported standing TB Extension 0-10 deg,https://aspirezoneqa.sharepoint.com/sites/Rehabilitation-ExerciseVideos/Shared Documents/Exercise and assessment video library/Exercises/Unclassified/Exercise Videos from VCP/Supported standing TB Extension 0-10 deg.mp4
Supported unloading knee weight bearing cycle,https://aspirezoneqa.sharepoint.com/sites/Rehabilitation-ExerciseVideos/Shared Documents/Exercise and assessment video library/Exercises/Unclassified/Exercise Videos from VCP/Supported unloading knee weight bearing cycle.mp4
Supported unloading knee weight-bearing cycle,https://aspirezoneqa.sharepoint.com/sites/Rehabilitation-ExerciseVideos/Shared Documents/Exercise and assessment video library/Exercises/Unclassified/Exercise Videos from VCP/Supported unloading knee weight-bearing cycle.mp4
Swimming Superman,https://aspirezoneqa.sharepoint.com/sites/Rehabilitation-ExerciseVideos/Shared Documents/Exercise and assessment video library/Exercises/Unclassified/Exercise Videos from VCP/Swimming Superman.mp4
Swiss Ball Back Extension Combo,https://aspirezoneqa.sharepoint.com/sites/Rehabilitation-ExerciseVideos/Shared Documents/Exercise and assessment video library/Exercises/Unclassified/Exercise Videos from VCP/Swiss Ball Back Extension Combo.mp4
Swiss Ball Crunches,https://aspirezoneqa.sharepoint.com/sites/Rehabilitation-ExerciseVideos/Shared Documents/Exercise and assessment video library/Exercises/Unclassified/Exercise Videos from VCP/Swiss Ball Crunches.mp4
Swiss ball HS curl,https://aspirezoneqa.sharepoint.com/sites/Rehabilitation-ExerciseVideos/Shared Documents/Exercise and assessment video library/Exercises/Unclassified/Exercise Videos from VCP/Swiss ball HS curl.mp4
Swiss ball mountain climber,https://aspirezoneqa.sharepoint.com/sites/Rehabilitation-ExerciseVideos/Shared Documents/Exercise and assessment video library/Exercises/Unclassified/Exercise Videos from VCP/Swiss ball mountain climber.mp4
Swiss ball plank up&down,https://aspirezoneqa.sharepoint.com/sites/Rehabilitation-ExerciseVideos/Shared Documents/Exercise and assessment video library/Exercises/Unclassified/Exercise Videos from VCP/Swiss ball plank up&down.mp4
Swiss ball plank,https://aspirezoneqa.sharepoint.com/sites/Rehabilitation-ExerciseVideos/Shared Documents/Exercise and assessment video library/Exercises/Unclassified/Exercise Videos from VCP/Swiss ball plank.mp4
Swiss ball shoulder walk out forward,https://aspirezoneqa.sharepoint.com/sites/Rehabilitation-ExerciseVideos/Shared Documents/Exercise and assessment video library/Exercises/Unclassified/Exercise Videos from VCP/Swiss ball shoulder walk out forward.mp4
Switch to step with overhead pole,https://aspirezoneqa.sharepoint.com/sites/Rehabilitation-ExerciseVideos/Shared Documents/Exercise and assessment video library/Exercises/Unclassified/Exercise Videos from VCP/Switch to step with overhead pole.mp4
Tandem walk backwards on soft mat,https://aspirezoneqa.sharepoint.com/sites/Rehabilitation-ExerciseVideos/Shared Documents/Exercise and assessment video library/Exercises/Unclassified/Exercise Videos from VCP/Tandem walk backwards on soft mat.mp4
TANDEM WALK BACKWARDS,https://aspirezoneqa.sharepoint.com/sites/Rehabilitation-ExerciseVideos/Shared Documents/Exercise and assessment video library/Exercises/Unclassified/Exercise Videos from VCP/TANDEM WALK BACKWARDS.mp4
Tandem walk forward on soft mat,https://aspirezoneqa.sharepoint.com/sites/Rehabilitation-ExerciseVideos/Shared Documents/Exercise and assessment video library/Exercises/Unclassified/Exercise Videos from VCP/Tandem walk forward on soft mat.mp4
Tandem walk forward,https://aspirezoneqa.sharepoint.com/sites/Rehabilitation-ExerciseVideos/Shared Documents/Exercise and assessment video library/Exercises/Unclassified/Exercise Videos from VCP/Tandem walk forward.mp4
Elastic Terminal Knee Extension in standing,https://aspirezoneqa.sharepoint.com/sites/Rehabilitation-ExerciseVideos/Shared Documents/Exercise and assessment video library/Exercises/Unclassified/Exercise Videos from VCP/Elastic Terminal Knee Extension in standing.mp4
Tempo squat,https://aspirezoneqa.sharepoint.com/sites/Rehabilitation-ExerciseVideos/Shared Documents/Exercise and assessment video library/Exercises/Unclassified/Exercise Videos from VCP/Tempo squat.mp4
Thomas test stretch,https://aspirezoneqa.sharepoint.com/sites/Rehabilitation-ExerciseVideos/Shared Documents/Exercise and assessment video library/Exercises/Unclassified/Exercise Videos from VCP/Thomas test stretch.mp4
The greatest stretch with hamstring stretch,https://aspirezoneqa.sharepoint.com/sites/Rehabilitation-ExerciseVideos/Shared Documents/Exercise and assessment video library/Exercises/Unclassified/Exercise Videos from VCP/The greatest stretch with hamstring stretch.mp4
Thomas test with hamstring MHFAKE 2,https://aspirezoneqa.sharepoint.com/sites/Rehabilitation-ExerciseVideos/Shared Documents/Exercise and assessment video library/Exercises/Unclassified/Exercise Videos from VCP/Thomas test with hamstring MHFAKE 2.mp4
Thomas test with hamstring MHFAKE,https://aspirezoneqa.sharepoint.com/sites/Rehabilitation-ExerciseVideos/Shared Documents/Exercise and assessment video library/Exercises/Unclassified/Exercise Videos from VCP/Thomas test with hamstring MHFAKE.mp4
Tip post arch lift- knee straight,https://aspirezoneqa.sharepoint.com/sites/Rehabilitation-ExerciseVideos/Shared Documents/Exercise and assessment video library/Exercises/Unclassified/Exercise Videos from VCP/Tip post arch lift- knee straight.mp4
Tib post arch lift-knee straight,https://aspirezoneqa.sharepoint.com/sites/Rehabilitation-ExerciseVideos/Shared Documents/Exercise and assessment video library/Exercises/Unclassified/Exercise Videos from VCP/Tib post arch lift-knee straight.mp4
Toe lift mini squat knee and foot balanced,https://aspirezoneqa.sharepoint.com/sites/Rehabilitation-ExerciseVideos/Shared Documents/Exercise and assessment video library/Exercises/Unclassified/Exercise Videos from VCP/Toe lift mini squat knee and foot balanced.mp4
Toe Taps,https://aspirezoneqa.sharepoint.com/sites/Rehabilitation-ExerciseVideos/Shared Documents/Exercise and assessment video library/Exercises/Unclassified/Exercise Videos from VCP/Toe Taps.mp4
Toe lift mini squat knee banded,https://aspirezoneqa.sharepoint.com/sites/Rehabilitation-ExerciseVideos/Shared Documents/Exercise and assessment video library/Exercises/Unclassified/Exercise Videos from VCP/Toe lift mini squat knee banded.mp4
Toe Touches alternate legs in standing,https://aspirezoneqa.sharepoint.com/sites/Rehabilitation-ExerciseVideos/Shared Documents/Exercise and assessment video library/Exercises/Unclassified/Exercise Videos from VCP/Toe Touches alternate legs in standing.mp4
Toes taps with dumbbell,https://aspirezoneqa.sharepoint.com/sites/Rehabilitation-ExerciseVideos/Shared Documents/Exercise and assessment video library/Exercises/Unclassified/Exercise Videos from VCP/Toes taps with dumbbell.mp4
Total gym lat Pull down,https://aspirezoneqa.sharepoint.com/sites/Rehabilitation-ExerciseVideos/Shared Documents/Exercise and assessment video library/Exercises/Unclassified/Exercise Videos from VCP/Total gym lat Pull down.mp4
Toe walking,https://aspirezoneqa.sharepoint.com/sites/Rehabilitation-ExerciseVideos/Shared Documents/Exercise and assessment video library/Exercises/Unclassified/Exercise Videos from VCP/Toe walking.mp4
Total gym pull over,https://aspirezoneqa.sharepoint.com/sites/Rehabilitation-ExerciseVideos/Shared Documents/Exercise and assessment video library/Exercises/Unclassified/Exercise Videos from VCP/Total gym pull over.mp4
Total gym triceps,https://aspirezoneqa.sharepoint.com/sites/Rehabilitation-ExerciseVideos/Shared Documents/Exercise and assessment video library/Exercises/Unclassified/Exercise Videos from VCP/Total gym triceps.mp4
Total gym pull up,https://aspirezoneqa.sharepoint.com/sites/Rehabilitation-ExerciseVideos/Shared Documents/Exercise and assessment video library/Exercises/Unclassified/Exercise Videos from VCP/Total gym pull up.mp4
Total Gym 2 leg squat,https://aspirezoneqa.sharepoint.com/sites/Rehabilitation-ExerciseVideos/Shared Documents/Exercise and assessment video library/Exercises/Unclassified/Exercise Videos from VCP/Total Gym 2 leg squat.mp4
Towel slide,https://aspirezoneqa.sharepoint.com/sites/Rehabilitation-ExerciseVideos/Shared Documents/Exercise and assessment video library/Exercises/Unclassified/Exercise Videos from VCP/Towel slide.mp4
TR-X Lunge split squat,https://aspirezoneqa.sharepoint.com/sites/Rehabilitation-ExerciseVideos/Shared Documents/Exercise and assessment video library/Exercises/Unclassified/Exercise Videos from VCP/TR-X Lunge split squat.mp4
TR-X Bilateral squat,https://aspirezoneqa.sharepoint.com/sites/Rehabilitation-ExerciseVideos/Shared Documents/Exercise and assessment video library/Exercises/Unclassified/Exercise Videos from VCP/TR-X Bilateral squat.mp4
TR-X Single leg squat,https://aspirezoneqa.sharepoint.com/sites/Rehabilitation-ExerciseVideos/Shared Documents/Exercise and assessment video library/Exercises/Unclassified/Exercise Videos from VCP/TR-X Single leg squat.mp4
Transverse pull,https://aspirezoneqa.sharepoint.com/sites/Rehabilitation-ExerciseVideos/Shared Documents/Exercise and assessment video library/Exercises/Unclassified/Exercise Videos from VCP/Transverse pull.mp4
Trap bar squat,https://aspirezoneqa.sharepoint.com/sites/Rehabilitation-ExerciseVideos/Shared Documents/Exercise and assessment video library/Exercises/Unclassified/Exercise Videos from VCP/Trap bar squat.mp4
Treadmill running,https://aspirezoneqa.sharepoint.com/sites/Rehabilitation-ExerciseVideos/Shared Documents/Exercise and assessment video library/Exercises/Unclassified/Exercise Videos from VCP/Treadmill running.mp4
Triceps kick back,https://aspirezoneqa.sharepoint.com/sites/Rehabilitation-ExerciseVideos/Shared Documents/Exercise and assessment video library/Exercises/Unclassified/Exercise Videos from VCP/Triceps kick back.mp4
TRX Box row,https://aspirezoneqa.sharepoint.com/sites/Rehabilitation-ExerciseVideos/Shared Documents/Exercise and assessment video library/Exercises/Unclassified/Exercise Videos from VCP/TRX Box row.mp4
TRX Row,https://aspirezoneqa.sharepoint.com/sites/Rehabilitation-ExerciseVideos/Shared Documents/Exercise and assessment video library/Exercises/Unclassified/Exercise Videos from VCP/TRX Row.mp4
TURTLE PLANK,https://aspirezoneqa.sharepoint.com/sites/Rehabilitation-ExerciseVideos/Shared Documents/Exercise and assessment video library/Exercises/Unclassified/Exercise Videos from VCP/TURTLE PLANK.mp4
TRX Squat,https://aspirezoneqa.sharepoint.com/sites/Rehabilitation-ExerciseVideos/Shared Documents/Exercise and assessment video library/Exercises/Unclassified/Exercise Videos from VCP/TRX Squat.mp4
UBE,https://aspirezoneqa.sharepoint.com/sites/Rehabilitation-ExerciseVideos/Shared Documents/Exercise and assessment video library/Exercises/Unclassified/Exercise Videos from VCP/UBE.mp4
Unilateral hamstring curl slide in bridge position,https://aspirezoneqa.sharepoint.com/sites/Rehabilitation-ExerciseVideos/Shared Documents/Exercise and assessment video library/Exercises/Unclassified/Exercise Videos from VCP/Unilateral hamstring curl slide in bridge position.mp4
Unilateral heel raises on floor with weighs,https://aspirezoneqa.sharepoint.com/sites/Rehabilitation-ExerciseVideos/Shared Documents/Exercise and assessment video library/Exercises/Unclassified/Exercise Videos from VCP/Unilateral heel raises on floor with weighs.mp4
Unilateral kneeling cable pull down,https://aspirezoneqa.sharepoint.com/sites/Rehabilitation-ExerciseVideos/Shared Documents/Exercise and assessment video library/Exercises/Unclassified/Exercise Videos from VCP/Unilateral kneeling cable pull down.mp4
Upward chops,https://aspirezoneqa.sharepoint.com/sites/Rehabilitation-ExerciseVideos/Shared Documents/Exercise and assessment video library/Exercises/Unclassified/Exercise Videos from VCP/Upward chops.mp4
Versa climber high stride,https://aspirezoneqa.sharepoint.com/sites/Rehabilitation-ExerciseVideos/Shared Documents/Exercise and assessment video library/Exercises/Unclassified/Exercise Videos from VCP/Versa climber high stride.mp4
Versa climber low stride,https://aspirezoneqa.sharepoint.com/sites/Rehabilitation-ExerciseVideos/Shared Documents/Exercise and assessment video library/Exercises/Unclassified/Exercise Videos from VCP/Versa climber low stride.mp4
Versa climber(hand),https://aspirezoneqa.sharepoint.com/sites/Rehabilitation-ExerciseVideos/Shared Documents/Exercise and assessment video library/Exercises/Unclassified/Exercise Videos from VCP/Versa climber(hand).mp4
Vertimax arm running,https://aspirezoneqa.sharepoint.com/sites/Rehabilitation-ExerciseVideos/Shared Documents/Exercise and assessment video library/Exercises/Unclassified/Exercise Videos from VCP/Vertimax arm running.mp4
Vertimax Back,https://aspirezoneqa.sharepoint.com/sites/Rehabilitation-ExerciseVideos/Shared Documents/Exercise and assessment video library/Exercises/Unclassified/Exercise Videos from VCP/Vertimax Back.mp4
Vertimax Box,https://aspirezoneqa.sharepoint.com/sites/Rehabilitation-ExerciseVideos/Shared Documents/Exercise and assessment video library/Exercises/Unclassified/Exercise Videos from VCP/Vertimax Box.mp4
Vertimax Incline Fly,https://aspirezoneqa.sharepoint.com/sites/Rehabilitation-ExerciseVideos/Shared Documents/Exercise and assessment video library/Exercises/Unclassified/Exercise Videos from VCP/Vertimax Incline Fly.mp4
Vertimax Reverse Fly,https://aspirezoneqa.sharepoint.com/sites/Rehabilitation-ExerciseVideos/Shared Documents/Exercise and assessment video library/Exercises/Unclassified/Exercise Videos from VCP/Vertimax Reverse Fly.mp4
Vertimax Row,https://aspirezoneqa.sharepoint.com/sites/Rehabilitation-ExerciseVideos/Shared Documents/Exercise and assessment video library/Exercises/Unclassified/Exercise Videos from VCP/Vertimax Row.mp4
Vertimax shoulder Lateral shoulder  raises,https://aspirezoneqa.sharepoint.com/sites/Rehabilitation-ExerciseVideos/Shared Documents/Exercise and assessment video library/Exercises/Unclassified/Exercise Videos from VCP/Vertimax shoulder Lateral shoulder  raises.mp4
Vertimax shoulder press,https://aspirezoneqa.sharepoint.com/sites/Rehabilitation-ExerciseVideos/Shared Documents/Exercise and assessment video library/Exercises/Unclassified/Exercise Videos from VCP/Vertimax shoulder press.mp4
Vertimax Supinated shoulder frontal raise,https://aspirezoneqa.sharepoint.com/sites/Rehabilitation-ExerciseVideos/Shared Documents/Exercise and assessment video library/Exercises/Unclassified/Exercise Videos from VCP/Vertimax Supinated shoulder frontal raise.mp4
Vertimax Swimming MVMT,https://aspirezoneqa.sharepoint.com/sites/Rehabilitation-ExerciseVideos/Shared Documents/Exercise and assessment video library/Exercises/Unclassified/Exercise Videos from VCP/Vertimax Swimming MVMT.mp4
Vertimax Y raises,https://aspirezoneqa.sharepoint.com/sites/Rehabilitation-ExerciseVideos/Shared Documents/Exercise and assessment video library/Exercises/Unclassified/Exercise Videos from VCP/Vertimax Y raises.mp4
Vertimax Upper cut punches,https://aspirezoneqa.sharepoint.com/sites/Rehabilitation-ExerciseVideos/Shared Documents/Exercise and assessment video library/Exercises/Unclassified/Exercise Videos from VCP/Vertimax Upper cut punches.mp4
Vetimax shoulder Front raise,https://aspirezoneqa.sharepoint.com/sites/Rehabilitation-ExerciseVideos/Shared Documents/Exercise and assessment video library/Exercises/Unclassified/Exercise Videos from VCP/Vetimax shoulder Front raise.mp4
Squat jump double leg from box sitting,https://aspirezoneqa.sharepoint.com/sites/Rehabilitation-ExerciseVideos/Shared Documents/Exercise and assessment video library/Exercises/Unclassified/Exercise Videos from VCP/Squat jump double leg from box sitting.mp4
Walk sideways on soft mat,https://aspirezoneqa.sharepoint.com/sites/Rehabilitation-ExerciseVideos/Shared Documents/Exercise and assessment video library/Exercises/Unclassified/Exercise Videos from VCP/Walk sideways on soft mat.mp4
Walking close the gate,https://aspirezoneqa.sharepoint.com/sites/Rehabilitation-ExerciseVideos/Shared Documents/Exercise and assessment video library/Exercises/Unclassified/Exercise Videos from VCP/Walking close the gate.mp4
Walking leg swings,https://aspirezoneqa.sharepoint.com/sites/Rehabilitation-ExerciseVideos/Shared Documents/Exercise and assessment video library/Exercises/Unclassified/Exercise Videos from VCP/Walking leg swings.mp4
Walking open the gate,https://aspirezoneqa.sharepoint.com/sites/Rehabilitation-ExerciseVideos/Shared Documents/Exercise and assessment video library/Exercises/Unclassified/Exercise Videos from VCP/Walking open the gate.mp4
Walking toe touches,https://aspirezoneqa.sharepoint.com/sites/Rehabilitation-ExerciseVideos/Shared Documents/Exercise and assessment video library/Exercises/Unclassified/Exercise Videos from VCP/Walking toe touches.mp4
Walking with bicycle kick,https://aspirezoneqa.sharepoint.com/sites/Rehabilitation-ExerciseVideos/Shared Documents/Exercise and assessment video library/Exercises/Unclassified/Exercise Videos from VCP/Walking with bicycle kick.mp4
Wall drill hold + Band,https://aspirezoneqa.sharepoint.com/sites/Rehabilitation-ExerciseVideos/Shared Documents/Exercise and assessment video library/Exercises/Unclassified/Exercise Videos from VCP/Wall drill hold + Band.mp4
Wall drill hold+ band+ Narrow grip,https://aspirezoneqa.sharepoint.com/sites/Rehabilitation-ExerciseVideos/Shared Documents/Exercise and assessment video library/Exercises/Unclassified/Exercise Videos from VCP/Wall drill hold+ band+ Narrow grip.mp4
Wall drill Hold+ Waist Resistance Band,https://aspirezoneqa.sharepoint.com/sites/Rehabilitation-ExerciseVideos/Shared Documents/Exercise and assessment video library/Exercises/Unclassified/Exercise Videos from VCP/Wall drill Hold+ Waist Resistance Band.mp4
Wall drill hold,https://aspirezoneqa.sharepoint.com/sites/Rehabilitation-ExerciseVideos/Shared Documents/Exercise and assessment video library/Exercises/Unclassified/Exercise Videos from VCP/Wall drill hold.mp4
Wall drill switch with Swiss Ball,https://aspirezoneqa.sharepoint.com/sites/Rehabilitation-ExerciseVideos/Shared Documents/Exercise and assessment video library/Exercises/Unclassified/Exercise Videos from VCP/Wall drill switch with Swiss Ball.mp4
Wall driver,https://aspirezoneqa.sharepoint.com/sites/Rehabilitation-ExerciseVideos/Shared Documents/Exercise and assessment video library/Exercises/Unclassified/Exercise Videos from VCP/Wall driver.mp4
Wall Drill Switch+ or -Band,https://aspirezoneqa.sharepoint.com/sites/Rehabilitation-ExerciseVideos/Shared Documents/Exercise and assessment video library/Exercises/Unclassified/Exercise Videos from VCP/Wall Drill Switch+ or -Band.mp4
Wall run,https://aspirezoneqa.sharepoint.com/sites/Rehabilitation-ExerciseVideos/Shared Documents/Exercise and assessment video library/Exercises/Unclassified/Exercise Videos from VCP/Wall run.mp4
Wall squat with double heel raise,https://aspirezoneqa.sharepoint.com/sites/Rehabilitation-ExerciseVideos/Shared Documents/Exercise and assessment video library/Exercises/Unclassified/Exercise Videos from VCP/Wall squat with double heel raise.mp4
Wall leg slide,https://aspirezoneqa.sharepoint.com/sites/Rehabilitation-ExerciseVideos/Shared Documents/Exercise and assessment video library/Exercises/Unclassified/Exercise Videos from VCP/Wall slide.mp4
Wall leg slides,https://aspirezoneqa.sharepoint.com/sites/Rehabilitation-ExerciseVideos/Shared Documents/Exercise and assessment video library/Exercises/Unclassified/Exercise Videos from VCP/Wall slides.mp4
Wall squat with gym ball elastic hip abduction double leg,https://aspirezoneqa.sharepoint.com/sites/Rehabilitation-ExerciseVideos/Shared Documents/Exercise and assessment video library/Exercises/Unclassified/Exercise Videos from VCP/Wall squat with gym ball elastic hip abduction double leg.mp4
Wall squat with gym ball elastic hip abduction single leg,https://aspirezoneqa.sharepoint.com/sites/Rehabilitation-ExerciseVideos/Shared Documents/Exercise and assessment video library/Exercises/Unclassified/Exercise Videos from VCP/Wall squat with gym ball elastic hip abduction single leg.mp4
Wall triple extension hip mobility,https://aspirezoneqa.sharepoint.com/sites/Rehabilitation-ExerciseVideos/Shared Documents/Exercise and assessment video library/Exercises/Unclassified/Exercise Videos from VCP/Wall triple extension hip mobility.mp4
Wall triple extension isometric,https://aspirezoneqa.sharepoint.com/sites/Rehabilitation-ExerciseVideos/Shared Documents/Exercise and assessment video library/Exercises/Unclassified/Exercise Videos from VCP/Wall triple extension isometric.mp4
Water bag step shuffle - Copy,https://aspirezoneqa.sharepoint.com/sites/Rehabilitation-ExerciseVideos/Shared Documents/Exercise and assessment video library/Exercises/Unclassified/Exercise Videos from VCP/Water bag step shuffle - Copy.mp4
Water bag step shuffle,https://aspirezoneqa.sharepoint.com/sites/Rehabilitation-ExerciseVideos/Shared Documents/Exercise and assessment video library/Exercises/Unclassified/Exercise Videos from VCP/Water bag step shuffle.mp4
Wattbike(2),https://aspirezoneqa.sharepoint.com/sites/Rehabilitation-ExerciseVideos/Shared Documents/Exercise and assessment video library/Exercises/Unclassified/Exercise Videos from VCP/Wattbike(2).mp4
Wattbike,https://aspirezoneqa.sharepoint.com/sites/Rehabilitation-ExerciseVideos/Shared Documents/Exercise and assessment video library/Exercises/Unclassified/Exercise Videos from VCP/Wattbike.mp4
Weighted Crunches (Legs-up),https://aspirezoneqa.sharepoint.com/sites/Rehabilitation-ExerciseVideos/Shared Documents/Exercise and assessment video library/Exercises/Unclassified/Exercise Videos from VCP/Weighted Crunches (Legs-up).mp4
Weighted Crunches,https://aspirezoneqa.sharepoint.com/sites/Rehabilitation-ExerciseVideos/Shared Documents/Exercise and assessment video library/Exercises/Unclassified/Exercise Videos from VCP/Weighted Crunches.mp4
Weighted DL squat jump from seat,https://aspirezoneqa.sharepoint.com/sites/Rehabilitation-ExerciseVideos/Shared Documents/Exercise and assessment video library/Exercises/Unclassified/Exercise Videos from VCP/Weighted DL squat jump from seat.mp4
Weighted SL Squat jump from seat,https://aspirezoneqa.sharepoint.com/sites/Rehabilitation-ExerciseVideos/Shared Documents/Exercise and assessment video library/Exercises/Unclassified/Exercise Videos from VCP/Weighted SL Squat jump from seat.mp4
Sidelying assisted inner range hip abduction isometric,https://aspirezoneqa.sharepoint.com/sites/Rehabilitation-ExerciseVideos/Shared Documents/Exercise and assessment video library/Exercises/Unclassified/Exercise Videos from VCP/Sidelying assisted inner range hip abduction isometric.mp4
YOYO HS curl,https://aspirezoneqa.sharepoint.com/sites/Rehabilitation-ExerciseVideos/Shared Documents/Exercise and assessment video library/Exercises/Unclassified/Exercise Videos from VCP/YOYO HS curl.mp4
Smith machine dynamic switches,https://aspirezoneqa.sharepoint.com/sites/Rehabilitation-ExerciseVideos/Shared Documents/Exercise and assessment video library/Exercises/Unclassified/Exercise Videos from VCP/Smith machine dynamic switches.mp4
Box jump 60 cm,https://aspirezoneqa.sharepoint.com/sites/Rehabilitation-ExerciseVideos/Shared Documents/Exercise and assessment video library/Exercises/Unclassified/Exercise Videos from VCP/Box jump 60 cm.mp4
DL CMJ,https://aspirezoneqa.sharepoint.com/sites/Rehabilitation-ExerciseVideos/Shared Documents/Exercise and assessment video library/Exercises/Unclassified/Exercise Videos from VCP/DL CMJ.mp4
Split pogos,https://aspirezoneqa.sharepoint.com/sites/Rehabilitation-ExerciseVideos/Shared Documents/Exercise and assessment video library/Exercises/Unclassified/Exercise Videos from VCP/Split pogos.mp4
Continous Jump (Low hurdles),https://aspirezoneqa.sharepoint.com/sites/Rehabilitation-ExerciseVideos/Shared Documents/Exercise and assessment video library/Exercises/Unclassified/Exercise Videos from VCP/Continous Jump (Low hurdles).mp4
Smith machine Iso Switches,https://aspirezoneqa.sharepoint.com/sites/Rehabilitation-ExerciseVideos/Shared Documents/Exercise and assessment video library/Exercises/Unclassified/Exercise Videos from VCP/Smith machine Iso Switches.mp4
Skipping,https://aspirezoneqa.sharepoint.com/sites/Rehabilitation-ExerciseVideos/Shared Documents/Exercise and assessment video library/Exercises/Unclassified/Exercise Videos from VCP/Skipping.mp4
A skip to acceleration,https://aspirezoneqa.sharepoint.com/sites/Rehabilitation-ExerciseVideos/Shared Documents/Exercise and assessment video library/Exercises/Lower Body/Running/A skip to acceleration.mp4
Switches double,https://aspirezoneqa.sharepoint.com/sites/Rehabilitation-ExerciseVideos/Shared Documents/Exercise and assessment video library/Exercises/Unclassified/Exercise Videos from VCP/Switches double.mp4
Wall triple extension switches Double,https://aspirezoneqa.sharepoint.com/sites/Rehabilitation-ExerciseVideos/Shared Documents/Exercise and assessment video library/Exercises/Unclassified/Exercise Videos from VCP/Wall triple extension switches Double.mp4
Pogos Single Leg,https://aspirezoneqa.sharepoint.com/sites/Rehabilitation-ExerciseVideos/Shared Documents/Exercise and assessment video library/Exercises/Unclassified/Exercise Videos from VCP/Pogos single leg.mp4
Straight leg Skip,https://aspirezoneqa.sharepoint.com/sites/Rehabilitation-ExerciseVideos/Shared Documents/Exercise and assessment video library/Exercises/Unclassified/Exercise Videos from VCP/Straight leg Skip.mp4
A Skip,https://aspirezoneqa.sharepoint.com/sites/Rehabilitation-ExerciseVideos/Shared Documents/Exercise and assessment video library/Exercises/Lower Body/Running/A skip.mp4
Wall triple extension switches,https://aspirezoneqa.sharepoint.com/sites/Rehabilitation-ExerciseVideos/Shared Documents/Exercise and assessment video library/Exercises/Unclassified/Exercise Videos from VCP/Wall triple extension switches.mp4
Switches single,https://aspirezoneqa.sharepoint.com/sites/Rehabilitation-ExerciseVideos/Shared Documents/Exercise and assessment video library/Exercises/Unclassified/Exercise Videos from VCP/Switches single.mp4
Smith machine SL Calf raise,https://aspirezoneqa.sharepoint.com/sites/Rehabilitation-ExerciseVideos/Shared Documents/Exercise and assessment video library/Exercises/Unclassified/Exercise Videos from VCP/Smith machine SL Calf raise.mp4
Soleus Raise,https://aspirezoneqa.sharepoint.com/sites/Rehabilitation-ExerciseVideos/Shared Documents/Exercise and assessment video library/Exercises/Unclassified/Exercise Videos from VCP/Soleus Raise.mp4
Calf raise eccentric ( 2up 1 down),https://aspirezoneqa.sharepoint.com/sites/Rehabilitation-ExerciseVideos/Shared Documents/Exercise and assessment video library/Exercises/Unclassified/Exercise Videos from VCP/Calf raise eccentric ( 2up 1 down).mp4
Altitude landings,https://aspirezoneqa.sharepoint.com/sites/Rehabilitation-ExerciseVideos/Shared Documents/Exercise and assessment video library/Exercises/Unclassified/Exercise Videos from VCP/Altitude landings.mp4
Long step skaters,https://aspirezoneqa.sharepoint.com/sites/Rehabilitation-ExerciseVideos/Shared Documents/Exercise and assessment video library/Exercises/Unclassified/Exercise Videos from VCP/Long step skaters.mp4
Tall to short,https://aspirezoneqa.sharepoint.com/sites/Rehabilitation-ExerciseVideos/Shared Documents/Exercise and assessment video library/Exercises/Unclassified/Exercise Videos from VCP/Tall to short.mp4
Straight leg smith machine Calf raise ( Double leg),https://aspirezoneqa.sharepoint.com/sites/Rehabilitation-ExerciseVideos/Shared Documents/Exercise and assessment video library/Exercises/Unclassified/Exercise Videos from VCP/Straight leg smith machine Calf raise ( Double leg).mp4
Soleus Raise Machine (Double leg),https://aspirezoneqa.sharepoint.com/sites/Rehabilitation-ExerciseVideos/Shared Documents/Exercise and assessment video library/Exercises/Unclassified/Exercise Videos from VCP/Soleus Raise Machine (Double leg).mp4
Soleus Dynamic Bulgarian split squat,https://aspirezoneqa.sharepoint.com/sites/Rehabilitation-ExerciseVideos/Shared Documents/Exercise and assessment video library/Exercises/Unclassified/Exercise Videos from VCP/Soleus Dynamic Bulgarian split squat.mp4
Plant walks,https://aspirezoneqa.sharepoint.com/sites/Rehabilitation-ExerciseVideos/Shared Documents/Exercise and assessment video library/Exercises/Unclassified/Exercise Videos from VCP/Plant walks.mp4
Pogos,https://aspirezoneqa.sharepoint.com/sites/Rehabilitation-ExerciseVideos/Shared Documents/Exercise and assessment video library/Exercises/Unclassified/Exercise Videos from VCP/Pogos.mp4
Ankle dribbling,https://aspirezoneqa.sharepoint.com/sites/Rehabilitation-ExerciseVideos/Shared Documents/Exercise and assessment video library/Exercises/Unclassified/Exercise Videos from VCP/Ankle dribbling.mp4
Low step Reactives,https://aspirezoneqa.sharepoint.com/sites/Rehabilitation-ExerciseVideos/Shared Documents/Exercise and assessment video library/Exercises/Unclassified/Exercise Videos from VCP/Low step Reactives.mp4
Low step Strike,https://aspirezoneqa.sharepoint.com/sites/Rehabilitation-ExerciseVideos/Shared Documents/Exercise and assessment video library/Exercises/Unclassified/Exercise Videos from VCP/Low step Strike.mp4
Soleus Raise machine,https://aspirezoneqa.sharepoint.com/sites/Rehabilitation-ExerciseVideos/Shared Documents/Exercise and assessment video library/Exercises/Unclassified/Exercise Videos from VCP/Soleus Raise machine.mp4
Slow step raise,https://aspirezoneqa.sharepoint.com/sites/Rehabilitation-ExerciseVideos/Shared Documents/Exercise and assessment video library/Exercises/Unclassified/Exercise Videos from VCP/Slow step raise.mp4
Straight leg Smith machine Calf raise( Double leg),https://aspirezoneqa.sharepoint.com/sites/Rehabilitation-ExerciseVideos/Shared Documents/Exercise and assessment video library/Exercises/Unclassified/Exercise Videos from VCP/Straight leg Smith machine Calf raise( Double leg).mp4
RDL TO STEP (Dynamic calf raise),https://aspirezoneqa.sharepoint.com/sites/Rehabilitation-ExerciseVideos/Shared Documents/Exercise and assessment video library/Exercises/Unclassified/Exercise Videos from VCP/RDL TO STEP (Dynamic calf raise).mp4
Soleus Raises Wall squat,https://aspirezoneqa.sharepoint.com/sites/Rehabilitation-ExerciseVideos/Shared Documents/Exercise and assessment video library/Exercises/Unclassified/Exercise Videos from VCP/Soleus Raises Wall squat.mp4
Wall Triple extension Alternates,https://aspirezoneqa.sharepoint.com/sites/Rehabilitation-ExerciseVideos/Shared Documents/Exercise and assessment video library/Exercises/Unclassified/Exercise Videos from VCP/Wall Triple extension Alternates.mp4
Seated towel toe curls,https://aspirezoneqa.sharepoint.com/sites/Rehabilitation-ExerciseVideos/Shared Documents/Exercise and assessment video library/Exercises/Unclassified/Exercise Videos from VCP/Seated towel toe curls.mp4
Ankle seated DF PF ROM,https://aspirezoneqa.sharepoint.com/sites/Rehabilitation-ExerciseVideos/Shared Documents/Exercise and assessment video library/Exercises/Unclassified/Exercise Videos from VCP/Ankle seated DF PF ROM.mp4
Nordic Hamstring Excercise Elastic Assist,https://aspirezoneqa.sharepoint.com/sites/Rehabilitation-ExerciseVideos/Shared Documents/Exercise and assessment video library/Exercises/Unclassified/Exercise Videos from VCP/Nordic Hamstring Excercise Elastic Assist.mp4
Nordic Hamstring Exercise Lat pull Down,https://aspirezoneqa.sharepoint.com/sites/Rehabilitation-ExerciseVideos/Shared Documents/Exercise and assessment video library/Exercises/Unclassified/Exercise Videos from VCP/Nordic Hamstring Exercise Lat pull Down.mp4
Nordic Hamstring Exercise,https://aspirezoneqa.sharepoint.com/sites/Rehabilitation-ExerciseVideos/Shared Documents/Exercise and assessment video library/Exercises/Unclassified/Exercise Videos from VCP/Nordic Hamstring Exercise.mp4
Triple Crossover Hop Test,https://aspirezoneqa.sharepoint.com/sites/Rehabilitation-ExerciseVideos/Shared Documents/Exercise and assessment video library/Exercises/Unclassified/Exercise Videos from VCP/Triple Crossover Hop Test.mp4
Star excursion balance test,https://aspirezoneqa.sharepoint.com/sites/Rehabilitation-ExerciseVideos/Shared Documents/Exercise and assessment video library/Exercises/Unclassified/Exercise Videos from VCP/Star excursion balance test.mp4
Prone Ball Catches over Swiss Ball in 90 abdcution,https://aspirezoneqa.sharepoint.com/sites/Rehabilitation-ExerciseVideos/Shared Documents/Exercise and assessment video library/Exercises/Unclassified/Exercise Videos from VCP/Prone Ball Catches over Swiss Ball in 90 abdcution.mp4
Prone Ball drop catches over Swiss Ball in 120 abduction,https://aspirezoneqa.sharepoint.com/sites/Rehabilitation-ExerciseVideos/Shared Documents/Exercise and assessment video library/Exercises/Unclassified/Exercise Videos from VCP/Prone Ball drop catches over Swiss Ball in 120 abduction.mp4
Prone Ball drop catches over Swiss Ball in 45 Abduction,https://aspirezoneqa.sharepoint.com/sites/Rehabilitation-ExerciseVideos/Shared Documents/Exercise and assessment video library/Exercises/Unclassified/Exercise Videos from VCP/Prone Ball drop catches over Swiss Ball in 45 Abduction.mp4
Prone ball drop catches Over Swisss ball in 60 abduction,https://aspirezoneqa.sharepoint.com/sites/Rehabilitation-ExerciseVideos/Shared Documents/Exercise and assessment video library/Exercises/Unclassified/Exercise Videos from VCP/Prone ball drop catches Over Swisss ball in 60 abduction.mp4
,
,
Copenhagen Long Lever- Isometric Hold,
Ankle Iso Hold,
Ankle Iso Push,
Arabesque,
Back Squat - Box,
Back Squat - Deep,
Back Squat - Half Range,
Back Squat to Box - quarter depth,
Calf Raise,
Calf Raise - isometric Overcoming SL,
Calf Raise Seated - Machine,
Calf Raise Single leg Smith Machine,
Chest Pass with step - MB,
Deadlift,
Deadlift - BB - RFE Split stance ,
Deadlift - Trap Bar - Band resisted,
Deadlift - Trap Bar - Split Stance,
Deadlift - Trapbar - Split stance,
Front Squat - Deep,
Glute Bridge,
Glute Bridge - SL (floor),
Glute Bridge walkouts,
Hamstring Bridge - SL Long Lever - BB,
Hamstring Curl - Nordic,
Hamstring Hold SL - GHD ISOmetric,
Hang Power Snatch + Overhead Squat,
Hang Snatch - Power,
Hip Flexor - ECC prone w.partner,
Hip Hike,
Hip Hike,
Hip ISO Hold,
Hip lock wall leaning,
Hip Thrust - BB,
Hip Thrust - Machine - SL,
Hip Thrust - SL ,
Hip Thrust - SL - BB ,
Jump Rope,
KB Swing,
Keiser Squat (Concentric focus),
Leg Curl - prone,
Leg Curl prone - 2 up/1 down,
Leg press,
Leg Press - SL,
Leg Press (High Foot) - Single Leg,
Lunge - 3 way,
Lunge - ISO -w.Calf Raise,
Lunge - lateral DB,
Lunge - lateral Goblet,
Lunge - Reverse BB,
Lunge - Walk - BB,
Lunge - Walking DB,
Lunge Jump - DB,
Pallof Press w/Lunge,
Prone Hamstring Curl - SL,
Prone Hold - Isometric GHD,
RDL - DB,
RDL - Single leg - DB,
Reverse Hyper - GHD,
Reverse Lunge - DB,
Reverse Lunge - Front Foot elevated - DB,
Reverse Nordic,
Romanian Deadlift (RDL) - DL,
Romanian Deadlift (RDL) - SL,
Single leg calf raise - DB,
Snatch - Full,
Snatch - Power,
Snatch - Single Arm,
Split jumps,
Split Squat,
Split Squat - RFE - BB,
Split Squat - RFE - DB,
Split Squat- RFE - Trap Bar,
Squat - Goblett,
Squat - ISO - SL,
Squat Jump - DB,
Squat Jump - Trap Bar - Single Repetition,
Squat Landmine,
Squat on Box - SL,
Squat Overhead,
Squat to Box (SL),
Step Up - Band,
Step up - BB,
Step up - DB,
Step up - High Box,
Step up - Knee drive,
Step Up - Low box ,
Tall Kneeling KB Suitcase Hold,
Tibialis Raise,
Toe Raises - Weighted,
YoYo  Hamstring Curl - Double Leg,
